 altimeter type 0=dual-frequency  999=single frequency (ie Poseidon-1),merged file cycle #,year+fraction of year (mid-cycle),number of observations,number of weighted observations,GMSL (Global Isostatic Adjustment (GIA) not applied) variation (mm) with respect to 20-year TOPEX/Jason collinear mean reference,standard deviation of GMSL (GIA not applied) variation estimate (mm),smoothed (60-day Gaussian type filter) GMSL (GIA not applied) variation (mm)  with respect to 20-year mean,GMSL (Global Isostatic Adjustment (GIA) applied) variation (mm) )  with respect to 20-year mean,standard deviation of GMSL (GIA applied) variation estimate (mm), 11 smoothed (60-day Gaussian type filter) GMSL (GIA applied) variation (mm) )  with respect to 20-year mean,smoothed (60-day Gaussian type filter) GMSL (GIA applied) variation (mm); annual and semi-annual signal removed )  with respect to 20-year mean
0,11,1993.011526,466462,337277,-37.24,92.66,-37.02,-37.24,92.66,-37.02,-37.55
0,12,1993.038692,460889,334037.31,-40.35,95.39,-38.2,-40.34,95.39,-38.19,-38.06
0,13,1993.065858,472123,342416.09,-40.17,92.29,-38.28,-40.16,92.29,-38.27,-37.6
0,14,1993.093025,421377,306050.59,-41.92,96.2,-38.56,-41.89,96.19,-38.54,-37.45
0,15,1993.120191,459548,331094.09,-36.89,94.64,-37.87,-36.85,94.63,-37.83,-36.44
0,16,1993.147357,416480,300344.81,-35.69,93.22,-36.96,-35.65,93.21,-36.93,-35.31
0,17,1993.174523,467980,337061.91,-36.09,91.67,-36.14,-36.05,91.67,-36.09,-34.28
0,18,1993.201689,466075,335414.41,-34.7,91.95,-35.53,-34.65,91.94,-35.48,-33.5
0,19,1993.228855,461207,331521.09,-34.04,91.7,-35.18,-33.98,91.68,-35.12,-32.94
999,20,1993.256021,467274,340098.59,-37.95,101.31,-35.09,-37.88,101.29,-35.02,-32.6
0,21,1993.283188,461743,331709.69,-36.48,89.84,-35.23,-36.41,89.83,-35.16,-32.45
0,22,1993.310354,469833,338035.69,-33.09,89.52,-35.6,-33,89.5,-35.51,-32.47
0,23,1993.33752,467659,337536.5,-35.11,88.88,-36.12,-35.01,88.86,-36.02,-32.63
0,24,1993.364686,467923,336246.41,-37.76,88.73,-36.52,-37.66,88.71,-36.42,-32.69
0,25,1993.391852,470038,337664.19,-39,89.03,-36.94,-38.9,89.01,-36.84,-32.84
0,26,1993.419018,471715,339521.19,-38.36,88.65,-36.8,-38.25,88.62,-36.69,-32.53
0,27,1993.446185,468842,338293,-35.35,89.34,-36.71,-35.22,89.32,-36.59,-32.43
0,28,1993.473351,468765,339163.81,-35.44,88.12,-36.43,-35.31,88.09,-36.3,-32.32
0,29,1993.500517,448241,326745.5,-36.07,86.35,-36.21,-35.93,86.33,-36.07,-32.5
0,30,1993.527683,461232,336487.41,-37.01,88.23,-35.94,-36.86,88.22,-35.79,-32.85
999,31,1993.554849,258732,192559.3,-29.54,93.85,-35.4,-29.4,93.84,-35.25,-33.15
0,32,1993.582015,456883,334420.59,-36.06,91.11,-34.5,-35.9,91.1,-34.34,-33.24
0,33,1993.609181,424739,310696.41,-35.26,91.93,-33.42,-35.1,91.92,-33.25,-33.28
0,34,1993.636348,453727,333155.81,-30.75,91.55,-32.39,-30.58,91.55,-32.22,-33.43
0,35,1993.663514,451300,331899.69,-29.66,90.96,-31.49,-29.48,90.97,-31.31,-33.68
0,36,1993.69068,453811,333710.59,-31.15,88.24,-30.72,-30.97,88.25,-30.53,-33.96
0,37,1993.717846,411289,303010,-32.31,88.86,-30.03,-32.11,88.87,-29.83,-34.16
0,38,1993.745012,455693,334980.91,-29,88.7,-29.26,-28.8,88.72,-29.06,-34.07
0,39,1993.772178,452872,332724.5,-25.4,89.65,-28.71,-25.19,89.68,-28.5,-33.92
0,40,1993.799345,454647,332591,-27.64,87.34,-28.58,-27.43,87.37,-28.36,-33.91
999,41,1993.826511,465491,345037.59,-28.1,95.53,-28.97,-27.87,95.54,-28.75,-34.16
0,42,1993.853677,463404,337642.41,-29.47,86.95,-29.62,-29.24,86.96,-29.39,-34.41
0,43,1993.880843,462115,335540,-30.73,87.47,-30.05,-30.49,87.47,-29.81,-34.23
0,44,1993.908009,451851,327055.09,-32.46,87.01,-30.1,-32.22,86.99,-29.85,-33.52
0,45,1993.935175,470802,340200.5,-31.16,86.11,-29.89,-30.9,86.1,-29.63,-32.46
0,46,1993.962341,472632,339757.69,-25.82,87.24,-29.68,-25.55,87.22,-29.41,-31.38
0,47,1993.989508,463197,333725.41,-28.26,87.23,-30.15,-27.99,87.21,-29.87,-31.01
0,48,1994.016674,472728,340712.31,-32.38,86.31,-30.3,-32.1,86.27,-30.02,-30.41
0,49,1994.04384,465774,336127.19,-30.01,84.71,-30.77,-29.73,84.67,-30.49,-30.24
0,50,1994.071006,464589,335642,-28.34,84.58,-31.66,-28.04,84.52,-31.37,-30.61
0,51,1994.098172,467056,335617.19,-33.86,84.57,-32.55,-33.56,84.5,-32.26,-31.11
0,52,1994.125338,472846,340447.69,-36.91,84.87,-33.15,-36.61,84.8,-32.84,-31.4
0,53,1994.152505,472074,340130.41,-35.24,86.7,-33.13,-34.93,86.62,-32.82,-31.16
0,54,1994.179671,464132,333918.59,-31.64,87.56,-32.42,-31.32,87.48,-32.1,-30.26
999,55,1994.206837,381474,277875.69,-33.69,92.56,-31.37,-33.36,92.48,-31.04,-29.02
0,56,1994.234003,468378,337040,-26.95,85.4,-30.66,-26.61,85.32,-30.32,-28.1
0,57,1994.261169,467852,336389.19,-30.46,85.5,-30.66,-30.12,85.42,-30.31,-27.84
0,58,1994.288335,467845,336382.41,-30.51,85.65,-31.51,-30.16,85.55,-31.16,-28.39
0,59,1994.315501,467642,335639.91,-31.66,85.03,-32.16,-31.3,84.93,-31.8,-28.69
0,60,1994.342668,472388,340106.81,-33.22,83.72,-33.16,-32.85,83.64,-32.79,-29.33
0,61,1994.369834,468068,336944.81,-34.93,85.08,-33.76,-34.56,85.01,-33.39,-29.6
0,62,1994.397,469177,338117.91,-37.32,86.06,-34.48,-36.94,85.98,-34.1,-30.06
0,63,1994.424166,469229,338527.5,-34.98,83.83,-34.62,-34.59,83.75,-34.23,-30.06
0,64,1994.451332,466690,337582,-32.17,84.37,-34.49,-31.77,84.3,-34.09,-29.95
999,65,1994.478498,473877,349016.31,-39.49,91.32,-34.19,-39.09,91.25,-33.79,-29.87
0,66,1994.505664,445230,324765.41,-36.85,84.3,-33.75,-36.45,84.25,-33.34,-29.87
0,67,1994.532831,461557,336155.5,-32.54,84.96,-33.17,-32.12,84.91,-32.75,-29.95
0,68,1994.559997,454521,334033.5,-32.18,88.49,-32.44,-31.76,88.46,-32.01,-30.09
0,69,1994.587163,454372,333147.59,-32.17,89.94,-31.57,-31.73,89.93,-31.13,-30.24
0,70,1994.614329,456246,335562.91,-31.94,90.72,-30.53,-31.5,90.71,-30.09,-30.34
0,71,1994.641495,454262,334693.59,-29.03,92.13,-29.3,-28.59,92.13,-28.86,-30.3
0,72,1994.668661,450945,333465.5,-27.86,93.08,-28.26,-27.4,93.11,-27.81,-30.39
0,73,1994.695828,445427,328647.19,-25.59,94.78,-27.14,-25.13,94.84,-26.67,-30.29
0,74,1994.722994,450740,332103.19,-26.04,97.25,-26.28,-25.57,97.3,-25.81,-30.29
0,75,1994.75016,445851,328729.69,-26.7,93.62,-25.6,-26.22,93.67,-25.13,-30.24
0,76,1994.777326,444448,325712.81,-24.76,93.36,-25.1,-24.27,93.41,-24.61,-30.08
0,77,1994.804492,457271,334359.41,-22.47,93.52,-24.88,-21.98,93.56,-24.38,-29.93
0,78,1994.831658,457989,335479.91,-24.1,95.26,-25.09,-23.6,95.29,-24.58,-29.94
999,79,1994.858824,405791,301582.59,-18.5,102.42,-25.65,-17.99,102.47,-25.14,-30.06
0,80,1994.885991,458362,332225.69,-27.23,96.85,-26.13,-26.71,96.87,-25.61,-29.9
0,81,1994.913157,466727,337386.91,-29.81,94.12,-26.13,-29.28,94.11,-25.61,-29.12
0,82,1994.940323,472959,340570.31,-25.26,91.65,-25.71,-24.73,91.65,-25.18,-27.85
0,83,1994.967489,470796,339033.19,-23.87,92.75,-25.19,-23.33,92.73,-24.65,-26.46
0,84,1994.994655,469955,338289.5,-23.13,95.08,-25.17,-22.58,95.04,-24.62,-25.61
0,85,1995.021821,469486,338088.81,-23.77,95.87,-25.29,-23.22,95.83,-24.74,-25
0,86,1995.048988,470724,339167.81,-27.13,91.73,-25.56,-26.57,91.66,-25,-24.65
0,87,1995.076154,469783,338816.19,-23.1,94.8,-26.38,-22.53,94.7,-25.81,-24.97
0,88,1995.10332,467616,336552.5,-27.96,91.78,-27.23,-27.38,91.66,-26.66,-25.45
0,89,1995.130486,468762,337824.59,-32.72,91.06,-27.84,-32.14,90.93,-27.26,-25.77
0,90,1995.157652,470008,338227.81,-27.8,90.43,-27.88,-27.2,90.35,-27.28,-25.58
999,91,1995.184818,481959,350339,-27.41,99.05,-27.96,-26.82,98.95,-27.36,-25.49
0,92,1995.211984,465177,333681,-23.62,92.56,-28.01,-23.02,92.43,-27.4,-25.34
0,93,1995.239151,464881,334959,-29.25,89.11,-28.33,-28.64,88.98,-27.72,-25.45
0,94,1995.266317,467737,336837.81,-30.43,88.41,-28.8,-29.8,88.28,-28.17,-25.64
0,95,1995.293483,468643,337223.91,-29.6,88.22,-29.23,-28.97,88.08,-28.6,-25.77
0,96,1995.320649,467167,335574.19,-28.66,86.46,-29.55,-28.02,86.34,-28.91,-25.73
999,97,1995.347815,477242,349096,-36.1,91.96,-29.88,-35.46,91.83,-29.23,-25.7
0,98,1995.374981,468543,336927.5,-31.73,84.2,-30.17,-31.07,84.07,-29.51,-25.67
0,99,1995.402148,466170,334464,-30.06,82.47,-30.37,-29.39,82.35,-29.7,-25.62
0,100,1995.429314,454345,327617.69,-28.53,85.21,-30.58,-27.85,85.13,-29.91,-25.73
0,101,1995.45648,472129,341332.19,-31.34,84.74,-30.88,-30.67,84.66,-30.2,-26.08
0,102,1995.483646,466476,339064.59,-32.59,84.96,-31.2,-31.92,84.86,-30.52,-26.67
999,103,1995.510812,469789,347259.81,-28.89,89.96,-31.13,-28.21,89.89,-30.44,-27.08
0,104,1995.537978,458078,334450.81,-31.69,84.09,-31.18,-30.99,84.03,-30.48,-27.83
0,105,1995.565144,460272,337561.81,-32.06,84.13,-30.55,-31.36,84.07,-29.84,-28.1
0,106,1995.592311,460842,339027.31,-31.47,83.17,-29.49,-30.75,83.11,-28.78,-28.1
0,107,1995.619477,453187,333973.31,-28.18,85.23,-27.76,-27.46,85.23,-27.04,-27.52
0,108,1995.646643,454189,334435.19,-26.91,84.2,-26.24,-26.2,84.22,-25.52,-27.18
0,109,1995.673809,447080,329384.5,-24.04,83.92,-24.53,-23.32,83.96,-23.81,-26.6
0,110,1995.700975,455915,335481.59,-22.74,85.53,-22.74,-22.01,85.6,-22,-25.8
0,111,1995.728141,455694,335246.19,-16.16,85.39,-22.06,-15.42,85.51,-21.32,-25.94
0,112,1995.755307,459681,336938.41,-20.91,86.48,-21.12,-20.15,86.57,-20.37,-25.57
0,113,1995.782474,459274,336469.69,-22.02,87.43,-21.19,-21.26,87.51,-20.43,-25.93
999,114,1995.80964,466886,346767.5,-28.02,92.14,-21.52,-27.26,92.19,-20.75,-26.28
0,115,1995.836806,459039,333903.31,-22.65,83.29,-21.8,-21.88,83.32,-21.02,-26.31
0,116,1995.863972,465533,338443.31,-22.52,83.6,-21.94,-21.73,83.65,-21.15,-25.96
0,117,1995.891138,408023,296507.59,-20.41,84.01,-22.06,-19.61,84.04,-21.26,-25.41
999,118,1995.918304,1266,901.7,-44.64,83.34,-22.4,-43.69,83.1,-21.59,-24.95
0,119,1995.945471,473612,340366.19,-23.92,83.71,-23.44,-23.1,83.7,-22.63,-25.13
0,120,1995.972637,470128,337760.91,-19.17,81.41,-24.49,-18.35,81.4,-23.67,-25.32
0,121,1995.999803,455383,326735.31,-25.15,82.3,-25.63,-24.33,82.2,-24.8,-25.64
0,122,1996.026895,466893,335670,-28.74,83.02,-27.03,-27.92,82.89,-26.2,-26.34
0,123,1996.053987,321326,229938.3,-30.79,83.54,-28.08,-29.95,83.38,-27.24,-26.79
0,124,1996.081079,473196,340614.09,-32.36,84.58,-28.2,-31.51,84.38,-27.35,-26.43
0,125,1996.108171,467283,336243.41,-25.49,85.94,-28.45,-24.63,85.78,-27.6,-26.33
999,126,1996.135263,483282,350497.31,-29.14,90.76,-28.13,-28.29,90.57,-27.27,-25.74
0,127,1996.162355,409743,294235.41,-26.41,84.99,-27.96,-25.55,84.8,-27.09,-25.36
0,128,1996.189447,472347,339762.19,-29.4,86.1,-28.05,-28.52,85.9,-27.17,-25.27
0,129,1996.216539,464810,333497.91,-27.31,85.97,-28.31,-26.42,85.75,-27.42,-25.33
0,130,1996.243631,473779,340875.81,-27.83,87.63,-28.59,-26.94,87.38,-27.7,-25.39
0,131,1996.270723,471250,337816.81,-29.89,86.3,-28.64,-28.98,86.06,-27.73,-25.16
0,132,1996.297815,469153,336589.19,-31.31,83.67,-28.61,-30.4,83.41,-27.7,-24.81
0,133,1996.324907,473309,339905.81,-27.67,83.15,-28.49,-26.75,82.95,-27.57,-24.34
0,134,1996.351998,471854,339101.31,-26.77,85.37,-28.14,-25.84,85.18,-27.22,-23.64
0,135,1996.37909,471337,338315.59,-28.4,84.16,-27.86,-27.47,83.99,-26.93,-23.05
0,136,1996.406182,470523,338394.59,-26.8,83.91,-27.66,-25.86,83.77,-26.72,-22.62
0,137,1996.433274,471148,338838.5,-28.17,83.2,-27.48,-27.22,83.03,-26.54,-22.36
999,138,1996.460366,473321,348043.31,-32.69,88.73,-27.18,-31.74,88.53,-26.22,-22.13
0,139,1996.487458,464417,336535.5,-27.23,83.58,-26.64,-26.27,83.45,-25.68,-21.89
0,140,1996.51455,462984,336130.41,-27.71,82.09,-25.93,-26.74,82.03,-24.96,-21.69
0,141,1996.541642,460619,336686.09,-25.69,84.1,-25.17,-24.71,84.08,-24.2,-21.67
0,142,1996.568734,461392,338312.41,-21.53,85.22,-24.52,-20.56,85.25,-23.54,-21.93
0,143,1996.595826,457974,335659.69,-23.69,83.27,-24.11,-22.71,83.27,-23.13,-22.6
0,144,1996.622918,445848,328140,-24.54,83.64,-23.63,-23.55,83.68,-22.64,-23.27
0,145,1996.65001,451138,332464.31,-23.89,85.31,-23.25,-22.9,85.38,-22.25,-24.05
0,146,1996.677102,453786,335173.19,-25.33,86.06,-22.42,-24.33,86.13,-21.42,-24.34
0,147,1996.704194,439068,324763.09,-21.45,86.23,-21.22,-20.45,86.33,-20.21,-24.12
0,148,1996.731285,435372,321751.81,-17.14,88.82,-19.77,-16.11,88.97,-18.75,-23.45
0,149,1996.758377,457202,336786.31,-17.77,85.51,-18.23,-16.75,85.67,-17.21,-22.46
999,150,1996.785469,437490,327006.5,-24.52,89.99,-16.92,-23.51,90.07,-15.88,-21.4
0,151,1996.812561,460329,338423,-15.24,86.1,-16.28,-14.19,86.26,-15.24,-20.76
0,152,1996.839653,464437,340240.5,-12.31,86.48,-16.56,-11.26,86.67,-15.51,-20.76
0,153,1996.866745,457847,335588.91,-15.44,88.87,-17.61,-14.38,89,-16.54,-21.29
0,154,1996.893837,464923,339473.81,-21.77,86.42,-19.11,-20.7,86.47,-18.04,-22.12
0,155,1996.920929,467704,338770,-20.97,85.19,-20.79,-19.89,85.19,-19.72,-23
0,156,1996.948021,471975,340268.31,-20.44,84.35,-22.29,-19.36,84.32,-21.2,-23.62
0,157,1996.975113,463123,333004.81,-25.67,87.96,-23.84,-24.58,87.86,-22.75,-24.32
0,158,1997.002211,474412,341207.59,-27.14,88.11,-25,-26.04,88,-23.9,-24.68
0,159,1997.029377,475277,341199.31,-25.13,87.95,-25.83,-24.01,87.89,-24.73,-24.81
0,160,1997.056543,474346,342074.69,-27.97,88.82,-26.39,-26.86,88.71,-25.28,-24.78
0,161,1997.083709,475001,342603.91,-25.94,87.91,-26.81,-24.82,87.76,-25.69,-24.73
999,162,1997.110875,484098,350740.91,-31.97,92.82,-27.13,-30.86,92.6,-26,-24.7
0,163,1997.138042,471366,341192.81,-28.13,88.36,-27.29,-27.01,88.13,-26.16,-24.61
0,164,1997.165208,469682,338970.91,-27.75,89.28,-27.2,-26.61,89.08,-26.05,-24.3
0,165,1997.192374,467136,336166.5,-28.34,92.24,-26.89,-27.19,92.04,-25.74,-23.82
0,166,1997.21954,467792,335735.91,-25.72,89.17,-26.53,-24.55,88.91,-25.37,-23.26
0,167,1997.246706,469143,337732.31,-24.82,89.03,-26.42,-23.65,88.77,-25.24,-22.91
0,168,1997.273872,467305,334837,-24.11,88.51,-26.34,-22.93,88.26,-25.16,-22.55
0,169,1997.301038,468590,335933.81,-29.2,87.03,-26.36,-28,86.76,-25.17,-22.24
0,170,1997.328205,470769,337743.81,-27.84,86.77,-26.33,-26.64,86.58,-25.13,-21.86
0,171,1997.355371,469013,336212.41,-24.33,86.21,-26.12,-23.13,86.12,-24.91,-21.29
0,172,1997.382537,469776,338017.19,-27.46,88.63,-25.8,-26.25,88.51,-24.59,-20.67
0,173,1997.409703,468955,337476.41,-22.66,91.25,-25.54,-21.44,91.15,-24.33,-20.21
999,174,1997.436869,228003,166580.8,-28.33,98.73,-25.3,-27.14,98.58,-24.08,-19.9
0,175,1997.464035,468898,338761.41,-27.37,91.33,-24.95,-26.15,91.22,-23.73,-19.67
0,176,1997.491202,460526,333472,-25.31,94.16,-24.3,-24.09,94.1,-23.07,-19.34
0,177,1997.518368,463575,338518.59,-25.32,94.45,-23.34,-24.09,94.44,-22.11,-18.93
0,178,1997.545534,462728,338878.31,-19.28,96.38,-22.13,-18.05,96.44,-20.89,-18.48
0,179,1997.5727,459505,336969.59,-20.69,97.47,-20.59,-19.45,97.58,-19.35,-17.89
999,180,1997.599866,446297,332561.91,-24.15,104.39,-19.02,-22.9,104.43,-17.77,-17.41
0,181,1997.627032,455303,335732.81,-18.52,101.99,-17.4,-17.26,102.13,-16.14,-16.95
0,182,1997.654198,447182,330122.81,-16.09,105.46,-15.92,-14.82,105.66,-14.66,-16.64
0,183,1997.681365,444509,327992,-14.81,106.76,-14.64,-13.55,107.01,-13.37,-16.46
0,184,1997.708531,450536,332593.41,-12.64,109.89,-13.5,-11.37,110.13,-12.23,-16.28
0,185,1997.735697,444677,328334.81,-10.66,109.86,-12.54,-9.38,110.13,-11.25,-16.05
999,186,1997.762863,418373,310487.69,-6.63,116.26,-12.24,-5.33,116.53,-10.94,-16.25
0,187,1997.790029,453694,332080.09,-10.06,114.44,-11.8,-8.74,114.71,-10.49,-16.03
0,188,1997.817195,457924,334013.81,-12.69,113.85,-12.18,-11.37,114.1,-10.86,-16.35
0,189,1997.844362,458210,333340.09,-10.37,116.08,-12.97,-9.04,116.29,-11.64,-16.82
0,190,1997.871528,458611,333314,-14.1,118.64,-14.29,-12.77,118.77,-12.96,-17.61
0,191,1997.898694,452667,328760.81,-16.19,115.98,-15.43,-14.87,116.08,-14.1,-18.04
0,192,1997.92586,461738,334164.5,-14.31,118.95,-16.92,-12.96,119.02,-15.58,-18.7
0,193,1997.953026,457571,328879.5,-21.08,118.1,-18.43,-19.73,118.1,-17.08,-19.34
0,194,1997.980192,470445,338200.09,-19.61,114.11,-19.69,-18.24,114.1,-18.34,-19.76
0,195,1998.007358,466101,336653.81,-24.13,112.49,-20.61,-22.78,112.44,-19.25,-19.89
0,196,1998.034525,457485,328933.5,-19.97,107.01,-21.2,-18.6,107.01,-19.83,-19.79
999,197,1998.061691,413150,300687.5,-23.94,111.16,-21.58,-22.58,111.07,-20.2,-19.6
0,198,1998.088857,464701,333877.69,-21.89,109.19,-21.86,-20.5,109.08,-20.47,-19.44
0,199,1998.116023,463716,333776.91,-21.57,105.7,-22.07,-20.16,105.59,-20.66,-19.31
0,200,1998.143189,466318,336008.91,-22.96,103.76,-22.14,-21.55,103.61,-20.72,-19.13
0,201,1998.170355,465792,336080.69,-23.73,103.73,-22.07,-22.29,103.6,-20.65,-18.87
0,202,1998.197521,464623,334891.09,-20.53,100.63,-21.93,-19.09,100.51,-20.5,-18.54
0,203,1998.224688,463677,334216.5,-21.24,101.86,-21.89,-19.8,101.66,-20.45,-18.3
0,204,1998.251854,458795,329424.59,-22.3,98.92,-21.82,-20.84,98.76,-20.37,-17.99
0,205,1998.27902,459359,330464.91,-20.48,99.31,-22.09,-19.03,99.14,-20.63,-17.97
0,206,1998.306186,462158,332311.19,-22,98.78,-22.65,-20.53,98.61,-21.19,-18.2
0,207,1998.333352,461649,331589.69,-23.38,99.1,-23.5,-21.92,98.93,-22.04,-18.7
0,208,1998.360518,464744,334999.59,-25.77,97.55,-24.63,-24.31,97.44,-23.16,-19.48
999,209,1998.387685,424190,310355.41,-22.66,102.13,-25.7,-21.19,102.01,-24.23,-20.27
0,210,1998.414851,438066,315469.5,-27.16,99.48,-26.84,-25.69,99.31,-25.36,-21.22
0,211,1998.442017,456892,330460.31,-28.22,99.93,-27.36,-26.72,99.75,-25.87,-21.69
0,212,1998.469183,467685,339315.69,-29.33,98.02,-27.48,-27.83,97.94,-25.98,-21.96
0,213,1998.496349,464414,337662.91,-26.03,95.62,-27.4,-24.53,95.57,-25.89,-22.24
0,214,1998.523515,466392,339490.31,-26.21,92.47,-27.25,-24.7,92.48,-25.75,-22.7
0,215,1998.550681,460129,336226.41,-28.23,94.09,-26.98,-26.72,94.14,-25.47,-23.23
999,216,1998.577848,379990,282197.41,-25.55,99.46,-26.75,-24.09,99.53,-25.24,-23.98
0,217,1998.605014,453206,333282.69,-26.84,92.35,-25.99,-25.32,92.38,-24.46,-24.31
0,218,1998.63218,453641,334160.09,-27.56,92.21,-25.36,-26.04,92.29,-23.83,-24.86
0,219,1998.659346,448139,330380,-24.01,92.96,-24.42,-22.45,93.12,-22.88,-25.08
0,220,1998.686512,446074,330577.69,-22.63,91.54,-23.49,-21.09,91.73,-21.95,-25.23
0,221,1998.713678,454740,336286.31,-21.8,90.78,-22.65,-20.26,90.99,-21.11,-25.32
0,222,1998.740845,450646,333359.59,-22.29,89.54,-22.08,-20.74,89.68,-20.52,-25.44
0,223,1998.768011,450677,332834.5,-20.5,92.64,-21.37,-18.93,92.83,-19.81,-25.19
999,224,1998.795177,457108,341048.41,-21.29,98.2,-21,-19.71,98.39,-19.42,-24.97
0,225,1998.822343,455713,334996,-19.48,90.89,-20.96,-17.9,91.12,-19.38,-24.83
0,226,1998.849509,458490,335977.69,-20.52,88.71,-21.27,-18.92,88.85,-19.67,-24.76
0,227,1998.876675,448471,327579.19,-21.3,89.36,-21.88,-19.7,89.39,-20.27,-24.79
0,228,1998.903841,449925,327350.91,-24.54,88.41,-22.37,-22.93,88.34,-20.76,-24.55
0,229,1998.931008,463583,336329.81,-20.44,87.66,-23,-18.81,87.61,-21.38,-24.34
0,230,1998.958174,434736,313959.31,-24.83,86.52,-23.56,-23.2,86.46,-21.94,-24.04
0,231,1998.98534,438045,316064.81,-24.09,86,-24.18,-22.47,85.92,-22.55,-23.81
0,232,1999.012506,446378,321991.19,-26.13,85.77,-24.64,-24.5,85.62,-23,-23.5
0,233,1999.039672,468323,337577.09,-24.22,84.67,-24.86,-22.56,84.44,-23.21,-23.05
999,234,1999.066838,476210,345873.91,-26.08,92.39,-24.66,-24.43,92.12,-22.99,-22.3
0,235,1999.094005,466059,335641.31,-30.01,89.59,-24.01,-28.34,89.32,-22.33,-21.23
0,236,1999.121171,337310,243212.5,-18.87,88.94,-23.24,-17.14,88.72,-21.55,-20.15
0,237,1999.148337,467199,336772.41,-22.32,87.01,-22.54,-20.64,86.74,-20.84,-19.21
0,238,1999.175503,467037,336107,-21.1,87.23,-22.18,-19.39,86.92,-20.47,-18.66
0,239,1999.202669,467846,336502.69,-22.75,89.17,-22.09,-21.03,88.85,-20.37,-18.38
0,240,1999.229835,466314,336603.81,-21.29,92.08,-22.23,-19.57,91.68,-20.51,-18.32
0,241,1999.257001,469932,337694.31,-23.31,92.09,-22.34,-21.58,91.68,-20.61,-18.18
0,242,1999.284168,470102,337966.5,-21.7,92.06,-22.61,-19.95,91.77,-20.88,-18.16
999,243,1999.311334,448144,325850.31,-25.54,98.91,-23.03,-23.79,98.64,-21.28,-18.22
0,244,1999.3385,466653,335861.69,-24.17,89.64,-23.53,-22.42,89.35,-21.78,-18.37
0,245,1999.365666,467501,337271.59,-22.26,87.42,-24.07,-20.5,87.18,-22.32,-18.58
0,246,1999.392832,468089,339160.69,-25.03,87.06,-24.59,-23.28,86.8,-22.83,-18.82
0,247,1999.419998,466582,337945.19,-24.97,85.95,-24.98,-23.2,85.75,-23.21,-19.05
0,248,1999.447164,466865,338182.5,-27.77,86.09,-25.11,-26.01,85.89,-23.34,-19.18
0,249,1999.474331,467584,339901.31,-25.2,82.66,-24.75,-23.43,82.46,-22.98,-19.02
0,250,1999.501497,460078,336528.69,-24.32,83.78,-24.47,-22.53,83.65,-22.69,-19.14
0,251,1999.528663,460373,336980,-22.86,83.28,-23.89,-21.08,83.23,-22.11,-19.2
0,252,1999.555829,456144,334386.09,-24.12,83.55,-23.24,-22.34,83.5,-21.46,-19.39
0,253,1999.582995,456651,336627.5,-22.83,84.89,-22.45,-21.06,84.95,-20.66,-19.6
0,254,1999.610161,451405,333978.5,-23.12,85.34,-21.36,-21.33,85.45,-19.57,-19.64
0,255,1999.637328,452255,334245.91,-17.92,84.57,-19.84,-16.12,84.75,-18.04,-19.3
999,256,1999.664494,178415,133425.59,-20.11,94.46,-17.98,-18.26,94.67,-16.17,-18.58
0,257,1999.69166,454479,336268.69,-16.96,86.57,-16.15,-15.13,86.79,-14.32,-17.79
0,258,1999.718826,451884,333595.09,-14.16,86.82,-14.68,-12.33,87.1,-12.85,-17.21
0,259,1999.745992,447926,331048.69,-14.24,88.81,-13.86,-12.4,89.14,-12.02,-17.05
0,260,1999.773158,450028,331958.09,-10.57,87.41,-13.01,-8.72,87.73,-11.17,-16.6
0,261,1999.800324,450170,331965,-11.84,87.74,-12.75,-10.01,87.95,-10.89,-16.44
0,262,1999.827491,461825,339183.81,-12.79,87.79,-12.93,-10.93,88,-11.06,-16.46
0,263,1999.854657,461084,337234.09,-13.53,88.97,-13.06,-11.65,89.24,-11.18,-16.18
0,264,1999.881823,448935,326433.19,-12.8,87.06,-13.4,-10.89,87.28,-11.52,-15.91
0,265,1999.908989,465616,338367.19,-14.88,86.1,-13.81,-12.98,86.21,-11.91,-15.55
999,266,1999.936155,445592,326691.41,-11.98,90.87,-14.31,-10.12,90.93,-12.4,-15.2
0,267,1999.963321,469933,340329.19,-13.58,85.67,-14.94,-11.65,85.68,-13.02,-14.96
0,268,1999.990488,466286,337719,-14.28,85.06,-15.67,-12.37,85.01,-13.75,-14.86
0,269,2000.017605,464500,336180,-18,82.52,-16.49,-16.09,82.48,-14.57,-14.94
0,270,2000.044697,473659,341200.59,-16.41,83.7,-17.36,-14.47,83.63,-15.44,-15.18
0,271,2000.071789,467359,336828.09,-17.22,85.95,-18.12,-15.28,85.75,-16.19,-15.42
0,272,2000.098881,466538,336717.5,-20.73,86.4,-18.71,-18.81,86.09,-16.77,-15.61
0,273,2000.125973,469892,339659,-22.14,87.03,-19.27,-20.21,86.77,-17.32,-15.87
0,274,2000.153065,421427,304060.19,-18.09,89.06,-19.31,-16.13,88.73,-17.35,-15.69
0,275,2000.180157,457901,329848.19,-18.61,89.12,-19.17,-16.63,88.8,-17.2,-15.36
0,276,2000.207249,468953,337488.91,-19.91,90.2,-19.07,-17.91,89.8,-17.09,-15.07
0,277,2000.234341,466875,335370.91,-16.91,91.36,-19.23,-14.91,91,-17.23,-15
999,278,2000.261433,272142,198136.3,-19.83,97.79,-19.75,-17.85,97.45,-17.74,-15.26
0,279,2000.288525,468327,337499.91,-20.91,89.26,-20.52,-18.9,88.92,-18.51,-15.74
0,280,2000.315617,465547,335444.59,-20.29,89.48,-21.31,-18.26,89.2,-19.28,-16.17
0,281,2000.342709,467748,336963.19,-22.52,88.79,-21.98,-20.49,88.44,-19.94,-16.48
0,282,2000.369801,466248,337182.19,-23.17,88.88,-22.44,-21.13,88.63,-20.41,-16.62
0,283,2000.396892,466742,337396.09,-23.06,87.38,-22.92,-21.02,87.25,-20.87,-16.83
0,284,2000.423984,465715,337846.59,-23.07,86.27,-23.1,-21,86.11,-21.05,-16.88
0,285,2000.451076,466904,339833,-23.34,84.82,-23.32,-21.29,84.63,-21.27,-17.12
0,286,2000.478168,465055,338063.41,-25.2,85.97,-23.25,-23.17,85.83,-21.19,-17.27
0,287,2000.50526,463292,339094.41,-22.96,84.47,-22.93,-20.91,84.36,-20.88,-17.41
0,288,2000.532352,455812,333675.09,-21.04,85.38,-22.34,-18.97,85.33,-20.28,-17.47
999,289,2000.559444,428804,318190.41,-19.97,90.58,-21.38,-17.93,90.58,-19.32,-17.38
0,290,2000.586536,451026,332199.81,-23.55,84.47,-20.11,-21.48,84.58,-18.04,-17.13
0,291,2000.613628,442836,327513,-19.75,83.74,-18.64,-17.69,83.87,-16.57,-16.79
0,292,2000.64072,454559,336387.19,-14.69,85.21,-16.98,-12.62,85.47,-14.9,-16.3
0,293,2000.667812,451747,335081.19,-16.57,86.16,-15.55,-14.5,86.41,-13.47,-16.02
0,294,2000.694904,451722,334256.19,-16.22,88.1,-13.92,-14.12,88.39,-11.83,-15.42
0,295,2000.721996,438237,324655.09,-11,85.6,-12.55,-8.91,86,-10.45,-14.9
0,296,2000.749088,447629,329623.09,-8.37,83.69,-11.02,-6.24,84.15,-8.91,-14
0,297,2000.776179,456387,335639.09,-8.34,83.59,-10.14,-6.22,84,-8.02,-13.48
0,298,2000.803271,455982,335027.09,-9.87,85.91,-9.85,-7.75,86.31,-7.72,-13.27
999,299,2000.830363,438260,325317.91,-0.32,92.89,-10.15,1.82,93.45,-8.02,-13.39
0,300,2000.857455,458660,333625.5,-8.87,84.56,-11.1,-6.7,84.98,-8.96,-13.91
0,301,2000.884547,416067,303667.91,-11.51,84.76,-11.89,-9.41,84.98,-9.74,-14.06
0,302,2000.911639,437403,317382.81,-12.74,83.32,-12.88,-10.57,83.43,-10.72,-14.28
0,303,2000.938731,466142,336313.81,-14.84,83.77,-13.74,-12.69,83.78,-11.57,-14.29
0,304,2000.965823,473531,340414,-16.17,84.18,-14.41,-13.97,84.15,-12.23,-14.09
0,305,2000.992915,470080,337715.91,-13.63,81.96,-14.82,-11.43,81.92,-12.62,-13.66
0,306,2001.020062,466747,335446.09,-15.94,81.36,-15.32,-13.73,81.32,-13.12,-13.43
999,307,2001.047228,386153,279369.31,-13.38,86.82,-15.65,-11.13,86.74,-13.44,-13.12
0,308,2001.074394,470138,338854.69,-16.65,82.56,-15.8,-14.43,82.31,-13.58,-12.77
0,309,2001.10156,471382,340270.91,-15.51,85.23,-15.69,-13.28,85.04,-13.46,-12.27
0,310,2001.128726,469495,339257.41,-17.86,86.84,-15.37,-15.64,86.59,-13.13,-11.66
0,311,2001.155892,467509,335885.19,-13.99,87.49,-15.02,-11.73,87.21,-12.76,-11.08
0,312,2001.183059,468815,336783.09,-10.8,87.15,-14.78,-8.54,86.93,-12.51,-10.65
0,313,2001.210225,463643,332612,-17.76,86.14,-14.8,-15.47,85.68,-12.52,-10.48
0,314,2001.237391,464671,334612,-14.29,86.81,-14.76,-12,86.35,-12.47,-10.22
0,315,2001.264557,465744,334893.91,-15.39,87.33,-14.9,-13.09,86.89,-12.61,-10.1
0,316,2001.291723,466783,335403.69,-12.85,85.5,-15.23,-10.56,85.14,-12.93,-10.12
0,317,2001.318889,467660,337288.19,-14.96,85.64,-15.79,-12.65,85.31,-13.49,-10.34
0,318,2001.346055,464750,335450,-17.27,84.72,-16.52,-14.95,84.5,-14.21,-10.71
0,319,2001.373222,466784,336396.91,-18.31,82.85,-17.18,-16,82.65,-14.86,-11.04
0,320,2001.400388,464356,334685.09,-18.13,82.3,-17.51,-15.81,82.04,-15.19,-11.13
0,321,2001.427554,463278,333389.69,-18.75,82.25,-17.36,-16.42,82.07,-15.04,-10.86
0,322,2001.45472,465363,335375,-19.07,82.5,-16.7,-16.76,82.35,-14.38,-10.25
0,323,2001.481886,453493,329411.91,-15.08,83.01,-15.71,-12.77,82.99,-13.38,-9.51
0,324,2001.509052,463435,336681.5,-13.26,83.02,-14.65,-10.93,83.12,-12.32,-8.93
0,325,2001.536218,455752,332859.69,-11.88,82.44,-13.72,-9.52,82.61,-11.38,-8.68
0,326,2001.563385,449706,329998.81,-15.65,83.57,-12.91,-13.28,83.78,-10.56,-8.76
0,327,2001.590551,443007,325282,-10.75,84.45,-12.04,-8.43,84.73,-9.69,-8.94
0,328,2001.617717,457952,337425.5,-12.19,83.33,-10.93,-9.84,83.55,-8.57,-8.97
0,329,2001.644883,457135,336113.59,-11.47,84.97,-9.47,-9.1,85.38,-7.11,-8.69
0,330,2001.672049,449538,331385,-8.64,85.66,-7.77,-6.28,86.22,-5.41,-8.13
0,331,2001.699215,447163,329263.31,-3.55,86.76,-6.18,-1.17,87.38,-3.81,-7.55
0,332,2001.726382,446128,328956.41,-2.96,84.89,-5.11,-0.59,85.53,-2.72,-7.29
0,333,2001.753548,451802,333629.59,-1.06,84.73,-4.74,1.33,85.35,-2.35,-7.52
0,334,2001.780714,456471,335622.09,-5.74,84.47,-4.92,-3.33,85.12,-2.52,-8.01
0,335,2001.80788,456350,334470.5,-9.17,87.46,-5.31,-6.76,88.06,-2.9,-8.44
0,336,2001.835046,457536,335320.5,-4.66,86.84,-5.74,-2.24,87.52,-3.31,-8.62
0,337,2001.862212,460508,336671.31,-2.59,86.59,-6.33,-0.16,87.17,-3.89,-8.74
0,338,2001.889378,425295,310058.69,-6.9,84.55,-7.23,-4.46,84.91,-4.78,-8.98
0,339,2001.916545,465059,338866,-9.05,83.46,-8.37,-6.59,83.7,-5.91,-9.32
0,340,2001.943711,464690,336745,-11.19,82.26,-9.52,-8.72,82.48,-7.06,-9.62
0,341,2001.970877,464318,336729.09,-10.63,83.13,-10.5,-8.15,83.32,-8.03,-9.73
0,342,2001.998043,467238,337778.59,-9.95,84.39,-11.21,-7.48,84.53,-8.74,-9.63
0,343,2002.025209,458569,330949.91,-14.28,83.63,-11.64,-11.8,83.61,-9.17,-9.35
0,344,2002.052375,462662,333587.5,-13.12,81.15,-11.79,-10.65,81.07,-9.3,-8.88
0,345,2002.079542,466095,337204.81,-9.82,82.6,-11.72,-7.36,82.61,-9.23,-8.33
0,346,2002.106708,464937,335431,-12.2,81.83,-11.64,-9.68,81.82,-9.14,-7.89
0,347,2002.133874,468411,338060.69,-11.71,82.28,-11.72,-9.2,82.24,-9.21,-7.69
0,348,2002.16104,460915,332202.09,-8.5,80.99,-12.02,-5.96,80.88,-9.5,-7.78
0,349,2002.188206,463165,333771.19,-14.71,81.92,-12.46,-12.19,81.55,-9.93,-8.03
0,350,2002.215372,462178,332078.31,-14.42,81.16,-12.89,-11.88,80.8,-10.34,-8.26
0,351,2002.242538,466092,335144.59,-13,83.18,-13.24,-10.44,82.81,-10.68,-8.38
0,352,2002.269705,463940,332441,-10.94,81.95,-13.58,-8.36,81.71,-11.02,-8.46
0,353,2002.296871,433533,311120.41,-15.64,78.82,-13.99,-13.08,78.56,-11.41,-8.54
0,354,2002.324037,461056,332304.41,-14.22,79.93,-14.43,-11.62,79.8,-11.84,-8.62
0,355,2002.351203,468754,337141.59,-15.72,80.08,-14.89,-13.11,79.82,-12.29,-8.72
0,356,2002.378369,480748,345809.69,-14.03,82.81,-15.32,-11.42,82.36,-12.72,-8.84
0,357,2002.405535,480310,345408.41,-14.91,81.42,-15.64,-12.3,81.03,-13.04,-8.94
0,358,2002.432702,478850,346626.41,-18.89,81.43,-15.66,-16.29,80.99,-13.06,-8.88
0,359,2002.459868,474824,345334.31,-17.83,80.25,-15.16,-15.23,79.85,-12.56,-8.46
0,360,2002.487034,472919,343859.91,-13.07,82.81,-14.09,-10.48,82.41,-11.49,-7.69
0,361,2002.5142,476805,347068.59,-13.61,84.1,-12.6,-11,83.87,-10,-6.72
0,362,2002.541366,468440,342747.5,-10.97,84.14,-10.9,-8.35,84.13,-8.29,-5.75
0,363,2002.568532,469184,344549.5,-8.9,85.15,-9.21,-6.29,85.33,-6.59,-4.98
0,364,2002.595698,467206,342773.09,-6.92,83.4,-7.71,-4.32,83.61,-5.09,-4.55
0,365,2002.622865,467574,343881.69,-3.97,86.14,-6.52,-1.35,86.44,-3.9,-4.52
0,366,2002.650031,463771,342174.19,-6.66,88.11,-5.6,-4.03,88.45,-2.97,-4.77
0,367,2002.677197,462445,341597.59,-5.39,92.58,-4.81,-2.76,92.99,-2.17,-5.09
0,368,2002.704363,463055,340799,-4.2,92.38,-4,-1.54,92.8,-1.35,-5.26
0,369,2002.731529,464519,341310.81,-2.24,91.64,-3.14,0.42,92.05,-0.47,-5.17
0,370,2002.758695,464650,340812.91,-3.7,91.46,-2.28,-1.02,91.82,0.39,-4.86
0,371,2002.785861,465878,341487.19,-1.13,95.76,-1.6,1.56,96.28,1.08,-4.44
0,372,2002.813028,463071,338251.91,2.86,96.1,-1.32,5.57,96.64,1.37,-4.15
0,373,2002.840194,467194,341276.41,-1.98,95.04,-1.56,0.68,95.36,1.13,-4.11
0,374,2002.86736,473042,344591.09,-1.46,92.65,-2.28,1.22,92.91,0.42,-4.32
0,375,2002.894526,476314,344851.41,-2.92,91.69,-3.29,-0.21,91.87,-0.57,-4.63
0,376,2002.921692,476671,344162.69,-5.4,91.56,-4.38,-2.66,91.71,-1.65,-4.9
0,377,2002.948858,478361,343371.59,-5.68,91.94,-5.38,-2.92,92.09,-2.64,-5.03
0,378,2002.976025,481306,345741.09,-5.72,90.15,-6.18,-2.97,90.22,-3.44,-4.98
0,379,2003.003191,481332,346090.31,-7.88,89.65,-6.67,-5.14,89.45,-3.92,-4.67
0,380,2003.030357,481369,347118.81,-10.39,90.61,-6.8,-7.62,90.32,-4.04,-4.09
0,381,2003.057523,472170,340525.31,-4.53,87.68,-6.71,-1.8,87.53,-3.96,-3.44
0,382,2003.084689,480404,346990.81,-5.52,87.44,-6.72,-2.74,87.21,-3.96,-2.99
0,383,2003.111855,478605,345814.59,-4.09,86.95,-7.01,-1.34,86.75,-4.24,-2.93
0,384,2003.139021,478913,345825,-9.63,88.55,-7.51,-6.85,88.26,-4.73,-3.17
0,385,2003.166188,471223,339320.81,-9.64,89.53,-7.97,-6.84,89.15,-5.18,-3.43
0,386,2003.193354,477875,344150.31,-8.79,90.44,-8.21,-6.01,90.07,-5.41,-3.48
0,387,2003.22052,478259,344419.69,-7.53,88.42,-8.3,-4.71,88.03,-5.48,-3.36
0,388,2003.247686,473641,340777.59,-7.43,86.66,-8.41,-4.6,86.32,-5.59,-3.25
0,389,2003.274852,457051,328674.09,-8.14,85.28,-8.69,-5.31,84.88,-5.85,-3.23
0,390,2003.302018,475093,342688.59,-9.25,86.3,-9.11,-6.41,85.8,-6.26,-3.32
0,391,2003.329185,478054,344267.41,-10.24,85.95,-9.58,-7.37,85.56,-6.73,-3.44
0,392,2003.356351,484144,348624.41,-10.32,84.8,-10.05,-7.45,84.4,-7.18,-3.55
0,393,2003.383517,476264,344070.41,-9.43,85.59,-10.5,-6.55,85.21,-7.62,-3.69
0,394,2003.410683,478279,345217.69,-10.65,83.48,-10.89,-7.76,83.14,-8.01,-3.88
0,395,2003.437849,476053,343631.19,-13.61,83.88,-11.12,-10.73,83.58,-8.24,-4.06
0,396,2003.465015,474498,343901.31,-10.62,82.46,-11.06,-7.74,82.39,-8.18,-4.12
0,397,2003.492181,472657,343134.19,-12.4,83.25,-10.65,-9.51,83.24,-7.76,-4.04
0,398,2003.519348,472237,345183.91,-10.25,84.41,-9.94,-7.36,84.45,-7.05,-3.89
0,399,2003.546514,468807,343924,-7.87,85.02,-9.03,-5,85.24,-6.14,-3.76
0,400,2003.57368,462796,340435.81,-9,86.43,-7.99,-6.1,86.61,-5.1,-3.68
0,401,2003.600846,463840,341108.41,-6.48,85.65,-6.81,-3.6,86.05,-3.92,-3.6
0,402,2003.628012,464627,341525.59,-8.24,85.55,-5.46,-5.33,85.93,-2.56,-3.41
0,403,2003.655178,464638,341903.81,-2.27,88.78,-4.02,0.63,89.24,-1.12,-3.14
0,404,2003.682345,461722,341390.41,-1.05,87.13,-2.66,1.84,87.61,0.25,-2.87
0,405,2003.709511,421051,310627,-2.08,87.16,-1.49,0.83,87.74,1.42,-2.66
0,406,2003.736677,461362,340454.69,-0.59,88.75,-0.57,2.33,89.39,2.35,-2.48
0,407,2003.763843,460487,339943.09,1.6,89.56,0.05,4.52,90.22,2.98,-2.34
0,408,2003.791009,465592,342583.31,0.22,88.96,0.23,3.16,89.51,3.17,-2.37
0,409,2003.818175,464118,341195.5,3.95,90.58,-0.1,6.9,91.24,2.85,-2.63
0,410,2003.845341,467282,343547.69,-1.21,90.37,-0.86,1.72,90.9,2.12,-3.04
0,411,2003.872508,405682,296773.91,-3.06,87.59,-1.71,-0.12,88.01,1.29,-3.33
0,412,2003.899674,81829,59231.9,-5.96,94.56,-2.35,-2.76,94.7,0.67,-3.24
0,413,2003.92684,472820,342312.69,-1.11,87.15,-2.7,1.89,87.33,0.33,-2.76
0,414,2003.954006,478832,345884.31,-0.81,85.64,-2.89,2.2,85.81,0.14,-2.09
0,415,2003.981172,484426,348676.81,-4.55,85.41,-3.06,-1.52,85.36,-0.02,-1.41
0,416,2004.008316,484024,348888,-5.42,85.11,-3.28,-2.39,84.9,-0.24,-0.85
0,417,2004.035407,475554,341344.5,-0.74,87.18,-3.69,2.32,87.2,-0.65,-0.59
0,418,2004.062499,474247,340621.59,-1.5,86.22,-4.41,1.55,86.13,-1.36,-0.75
0,419,2004.089591,482153,347120.59,-5.32,84.05,-5.36,-2.27,83.78,-2.3,-1.26
0,420,2004.116683,348570,251264.41,-11.11,86.05,-6.22,-8.1,85.48,-3.14,-1.78
0,421,2004.143775,301505,216764,-7.32,83.24,-6.68,-4.14,82.81,-3.59,-1.99
0,422,2004.170867,481309,346611.59,-5.5,84.9,-6.72,-2.4,84.44,-3.61,-1.83
0,423,2004.197959,479280,345187.19,-7.21,85.88,-6.55,-4.11,85.45,-3.43,-1.47
0,424,2004.225051,476235,342556.19,-5.95,86.62,-6.44,-2.81,86.31,-3.31,-1.16
0,425,2004.252143,376307,270489.69,-5.22,87.55,-6.55,-2.07,86.99,-3.41,-1.03
0,426,2004.279235,477353,342829.59,-6.91,87.76,-7.03,-3.77,87.18,-3.89,-1.22
0,427,2004.306327,477856,344217,-5.25,86,-7.91,-2.09,85.39,-4.76,-1.77
0,428,2004.333419,481968,347252,-9.67,83.55,-9.04,-6.52,83.11,-5.89,-2.55
0,429,2004.360511,483783,348472.81,-10.99,83.57,-10.14,-7.84,83.06,-6.99,-3.31
0,430,2004.387603,479701,345150.41,-13.9,86.05,-10.87,-10.75,85.53,-7.72,-3.76
0,431,2004.414694,479534,345537.5,-10.79,84.11,-11.03,-7.64,83.77,-7.87,-3.73
0,432,2004.441786,480036,345914.59,-12.46,83.28,-10.57,-9.3,83.02,-7.41,-3.23
0,433,2004.468878,472118,342508.31,-11.74,84.41,-9.66,-8.56,84.2,-6.5,-2.48
0,434,2004.49597,463312,336771.19,-5.98,83.31,-8.58,-2.83,83.28,-5.42,-1.77
0,435,2004.523062,468236,340750.69,-6.15,84.11,-7.58,-2.99,84.07,-4.42,-1.36
0,436,2004.550154,468055,341990,-6.97,86.17,-6.69,-3.82,86.2,-3.54,-1.28
0,437,2004.577246,461955,340263.91,-7.89,83.96,-5.75,-4.74,84.09,-2.6,-1.32
0,438,2004.604338,462182,340936.91,-5.75,85.3,-4.58,-2.59,85.58,-1.42,-1.24
0,439,2004.63143,466520,343997.59,-2.24,87.27,-3.17,0.91,87.74,0,-1
0,440,2004.658522,462982,342465,-1.47,88.21,-1.67,1.72,88.65,1.51,-0.65
0,441,2004.685614,459459,340559.09,-1.09,89.08,-0.32,2.1,89.63,2.86,-0.39
0,442,2004.712706,458587,340044.19,4.54,90.08,0.7,7.73,90.71,3.89,-0.29
0,443,2004.739798,460318,340425.81,0.86,87.65,1.29,4.06,88.29,4.49,-0.41
0,444,2004.76689,460514,340703.59,1.47,89.3,1.47,4.66,90.04,4.68,-0.68
0,445,2004.793981,452769,333500.81,3.23,87.73,1.33,6.48,88.47,4.55,-1
0,446,2004.821073,459414,338099.5,0.07,88.42,1.02,3.28,88.92,4.25,-1.21
0,447,2004.848165,468700,342718.09,0.37,88.64,0.65,3.61,89.2,3.9,-1.22
0,448,2004.875257,469369,342481.91,1.15,88.71,0.35,4.41,89.18,3.61,-0.95
0,449,2004.902349,468501,339902.5,-2.47,87.74,0.16,0.83,88.03,3.43,-0.4
0,450,2004.929441,477108,345803.5,1.51,87.15,0,4.78,87.44,3.28,0.27
0,451,2004.956533,470108,339093.69,0.07,87.53,-0.32,3.37,87.74,2.97,0.82
0,452,2004.983625,481383,347023.19,2.82,85.87,-0.88,6.11,86.2,2.42,1.11
0,453,2005.010746,485027,349760.81,-4.05,87.15,-1.55,-0.74,87.18,1.75,1.2
0,454,2005.037912,476557,343531.41,-5.01,86.45,-2.06,-1.72,86.42,1.25,1.37
0,455,2005.065079,478441,342994.31,-1.95,86.25,-2.21,1.39,86.14,1.11,1.77
0,456,2005.092245,481041,346597.41,-1.76,85.16,-2.04,1.56,84.93,1.29,2.37
0,457,2005.119411,471260,339456.41,-1.52,86.3,-1.73,1.82,86.07,1.6,2.99
0,458,2005.146577,466589,335766.41,-2.73,87.43,-1.52,0.62,87.07,1.82,3.44
0,459,2005.173743,477433,343647,1.5,90.65,-1.57,4.85,90.33,1.78,3.58
0,460,2005.200909,477077,342722.09,0.28,90.26,-1.92,3.62,89.99,1.44,3.42
0,461,2005.228075,468729,337142.69,-5.77,86.63,-2.45,-2.4,86.29,0.93,3.11
0,462,2005.255242,481943,347386.81,-4.19,84.23,-2.97,-0.81,83.83,0.42,2.83
0,463,2005.282408,476192,342524.91,-0.23,84.53,-3.4,3.19,84.14,0,2.7
0,464,2005.309574,477959,342987.31,-5.28,85.94,-3.76,-1.83,85.64,-0.35,2.68
0,465,2005.33674,479677,345465.19,-4.92,86.1,-4.04,-1.53,85.82,-0.62,2.76
0,466,2005.363906,478506,344220.19,-4.22,85.72,-4.21,-0.8,85.25,-0.8,2.92
0,467,2005.391072,474052,341612,-3.7,84.87,-4.27,-0.29,84.44,-0.86,3.13
0,468,2005.418239,481976,348030.81,-4.8,83.79,-4.22,-1.38,83.64,-0.79,3.37
0,469,2005.445405,481595,348749.41,-4.89,83.48,-4.02,-1.46,83.37,-0.59,3.58
0,470,2005.472571,476251,345875.09,-3.54,82.53,-3.67,-0.1,82.48,-0.24,3.74
0,471,2005.499737,473700,345290.31,-4.34,83.68,-3.18,-0.91,83.62,0.26,3.84
0,472,2005.526903,467736,341787.41,-0.76,82.53,-2.62,2.67,82.9,0.82,3.78
0,473,2005.554069,468959,343816.69,-2.99,83.14,-2.01,0.46,83.35,1.43,3.56
0,474,2005.581235,453997,333915,-1.87,83.07,-1.29,1.57,83.38,2.15,3.28
0,475,2005.608402,463312,341762.31,-0.78,82.6,-0.36,2.66,83.05,3.09,3.09
0,476,2005.635568,457717,337768.41,-0.15,83.14,0.82,3.28,83.67,4.28,3.1
0,477,2005.662734,460882,340184.09,1.51,84.01,2.18,4.96,84.53,5.65,3.31
0,478,2005.6899,461748,340801.81,4.44,86.09,3.51,7.92,86.73,6.98,3.57
0,479,2005.717066,267180,197489.59,6.87,92.95,4.55,10.37,93.63,8.03,3.72
0,480,2005.744232,288616,213977,6.33,84.87,5.17,9.87,85.8,8.66,3.67
0,481,2005.771399,459566,338683.91,5.62,84.06,5.49,9.09,84.72,8.98,3.57
0,482,2005.798565,463732,340695.31,3.71,84.18,5.74,7.2,84.68,9.23,3.68
0,483,2005.825731,462887,340537.31,5.08,86.64,6.09,8.56,87.21,9.58,4.16
0,484,2005.852897,466555,342099.59,8.01,87.9,6.43,11.48,88.57,9.94,4.91
0,485,2005.880063,465250,339754,8.3,86.87,6.53,11.83,87.35,10.05,5.61
0,486,2005.907229,472885,343508.91,7.51,84.44,6.17,11.08,84.9,9.72,6.03
0,487,2005.934395,478930,346964.69,5.41,83.59,5.33,8.97,84,8.89,6.04
0,488,2005.961562,480010,345996.81,4.63,84.65,4.1,8.2,84.76,7.66,5.67
0,489,2005.988728,476881,343064.41,4.02,84.95,2.64,7.61,84.95,6.22,5.06
0,490,2006.015894,481582,346973.19,-0.22,82.73,1.18,3.36,82.55,4.76,4.35
0,491,2006.04306,483074,348394.69,-1.89,83.27,-0.06,1.68,83.1,3.53,3.76
0,492,2006.070226,482020,347444.69,-1.37,84.98,-0.94,2.22,84.71,2.65,3.4
0,493,2006.097392,479350,344873.09,-1.55,85.9,-1.47,2.07,85.62,2.14,3.28
0,494,2006.124559,476331,343208.09,-2.85,85.76,-1.75,0.75,85.25,1.86,3.3
0,495,2006.151725,477682,343441.59,-1.52,87.76,-1.98,2.09,87.23,1.66,3.32
0,496,2006.178891,477787,343855.91,0.36,87.94,-2.25,4.02,87.41,1.4,3.24
0,497,2006.206057,481001,346265,-5.19,89.35,-2.59,-1.51,88.74,1.07,3.08
0,498,2006.233223,481869,346964.91,-2.7,89.19,-2.96,0.97,88.56,0.71,2.93
0,499,2006.260389,478745,345124.69,-2.49,86.41,-3.32,1.19,85.87,0.36,2.83
0,500,2006.287555,474526,340996.31,-3.51,87,-3.62,0.18,86.36,0.07,2.83
0,501,2006.314722,474075,340879.19,-4.98,86.64,-3.77,-1.27,86.09,-0.08,3.02
0,502,2006.341888,475375,342129.81,-5.34,84.69,-3.73,-1.65,84.27,-0.03,3.42
0,503,2006.369054,476287,342856.69,-3.02,83.91,-3.5,0.65,83.63,0.2,3.98
0,504,2006.39622,474218,342123.41,-1.47,83.9,-3.16,2.26,83.81,0.54,4.57
0,505,2006.423386,472424,341223.09,-3.99,83.79,-2.74,-0.31,83.57,0.95,5.12
0,506,2006.450552,477483,345070.91,-3.37,83.98,-2.19,0.33,83.83,1.51,5.66
0,507,2006.477718,476229,344362.81,-2.33,82.24,-1.45,1.38,82.32,2.25,6.17
0,508,2006.504885,468973,340539.59,0.2,81.95,-0.62,3.89,82.21,3.07,6.55
0,509,2006.532051,474990,346833.09,1.71,82.59,0.11,5.39,82.82,3.8,6.62
0,510,2006.559217,466158,342934.09,0.9,81.89,0.69,4.57,82.31,4.38,6.33
0,511,2006.586383,467641,343127.19,1.27,83.3,1.26,4.96,83.73,4.95,5.87
0,512,2006.613549,466053,343187,-0.92,86.05,2.09,2.76,86.41,5.78,5.56
0,513,2006.640715,461079,340310.19,1.77,86.17,3.33,5.47,86.75,7.03,5.63
0,514,2006.667882,457922,337688.69,5.4,89.09,4.83,9.13,89.9,8.54,5.99
0,515,2006.695048,458823,339475.41,8.17,88.49,6.24,11.88,89.37,9.95,6.36
0,516,2006.722214,448801,332846.81,10.45,89.18,7.25,14.16,90.14,10.97,6.51
0,517,2006.74938,460704,339878.69,6.71,89.11,7.85,10.46,90.08,11.57,6.48
0,518,2006.776546,457410,337307,6.72,90.04,8.17,10.44,91.02,11.89,6.43
0,519,2006.803712,463368,340632.59,9.74,89.15,8.31,13.49,90.12,12.03,6.48
0,520,2006.830878,204019,149808.09,9.68,90.2,8.17,13.29,91.15,11.9,6.53
0,522,2006.885211,366782,267350.81,8.47,89.49,6.68,12.3,90.04,10.45,6.14
0,523,2006.912377,475061,345326.69,3.5,87.61,5.7,7.28,88.01,9.49,5.95
0,524,2006.939543,461326,333206.5,6.56,87.89,4.78,10.31,88.34,8.59,5.9
0,525,2006.966709,479795,344599.31,3.55,86.47,3.89,7.41,86.75,7.71,5.88
0,526,2006.993875,484008,347981.31,3.16,83.7,2.98,7.01,83.95,6.81,5.8
0,527,2007.021042,480513,345550.5,2.01,82.69,2.13,5.87,82.73,5.98,5.7
0,528,2007.048208,478495,344866.69,0.77,83.7,1.28,4.61,83.54,5.13,5.47
0,529,2007.075374,478535,344773.5,-0.04,86.03,0.71,3.83,85.94,4.57,5.4
0,530,2007.10254,482193,347595.91,-0.93,86.89,0.43,2.92,86.55,4.31,5.52
0,531,2007.129706,477375,343469.59,-0.52,85.82,0.39,3.38,85.37,4.27,5.75
0,532,2007.156872,481245,346485,3.13,88.15,0.41,7.04,87.81,4.31,6
0,533,2007.184038,478752,345584.09,-0.1,90.13,0.38,3.77,89.78,4.29,6.16
0,534,2007.211205,476954,344302.69,0.02,89.94,0.3,3.93,89.54,4.22,6.27
0,535,2007.238371,477098,344197.31,-1.46,88.28,0.2,2.51,87.86,4.13,6.39
0,536,2007.265537,476659,343231,1.67,89.12,0.03,5.63,88.86,3.98,6.5
0,537,2007.292703,475841,342382.19,1.24,86.51,-0.31,5.21,86.11,3.65,6.47
0,538,2007.319869,475043,342166.31,0.25,84.98,-0.84,4.21,84.57,3.12,6.29
0,539,2007.347035,475774,342732.31,-4.66,85.19,-1.41,-0.69,84.74,2.55,6.07
0,540,2007.374202,477550,344979.91,-1.6,85.22,-1.84,2.35,85.03,2.12,5.95
0,541,2007.401368,473090,342113.69,-1.82,83.35,-2.05,2.13,83.26,1.92,5.99
0,542,2007.428534,478194,346307.81,-2.38,83.07,-2.08,1.58,82.89,1.89,6.07
0,543,2007.4557,474958,343853.09,-2.79,81.96,-1.99,1.18,81.78,1.98,6.1
0,544,2007.482866,475229,345273.59,-1.26,83.99,-1.84,2.73,84.06,2.13,5.99
0,545,2007.510032,474161,346150.19,-1.35,84.66,-1.62,2.61,84.79,2.36,5.73
0,546,2007.537198,472106,345519.69,-1.68,82.16,-1.24,2.3,82.45,2.75,5.42
0,547,2007.564365,464446,340716.09,-2.92,81.21,-0.6,1.08,81.44,3.39,5.16
0,548,2007.591531,465478,342995.91,-1.06,83.11,0.27,2.93,83.42,4.26,4.97
0,549,2007.618697,463210,340800.91,5.01,82.8,1.21,8.99,83.31,5.21,4.77
0,550,2007.645863,461334,339989.19,2.07,82.64,2.07,6.09,83.32,6.07,4.45
0,551,2007.673029,462666,341537.59,1.37,84.63,2.86,5.37,85.37,6.87,4.11
0,552,2007.700195,460166,341047.69,2.26,86.17,3.67,6.27,86.95,7.69,3.92
0,553,2007.727361,462923,342210.31,6.47,88.2,4.55,10.5,89.11,8.57,3.97
0,554,2007.754528,464384,342669.59,5.67,88.27,5.42,9.7,89.33,9.45,4.27
0,555,2007.781694,458575,337449.41,5.3,88.25,6.23,9.33,89.15,10.27,4.77
0,556,2007.80886,465652,342829.5,7.91,87.3,6.97,11.94,88.26,11.01,5.47
0,557,2007.836026,469975,344986.09,6.89,85.89,7.59,10.94,86.62,11.64,6.34
0,558,2007.863192,473297,345780.41,8.73,85.74,7.91,12.78,86.27,11.97,7.14
0,559,2007.890358,474650,345484.5,10.86,85.08,7.69,14.95,85.73,11.76,7.59
0,560,2007.917525,473374,342683,8.88,83.8,6.81,12.96,84.41,10.89,7.51
0,561,2007.944691,479715,346505.31,6.42,82.56,5.41,10.51,83,9.5,6.97
0,562,2007.971857,478694,344845.09,0.64,81.73,3.92,4.75,81.86,8.01,6.34
0,563,2007.999023,480235,346170.19,0.89,85.62,2.69,4.95,85.5,6.78,5.91
0,564,2008.026118,480821,346281.81,1.81,85.64,1.82,5.95,85.49,5.92,5.76
0,565,2008.05321,479854,346013.41,2.87,85.54,1.19,6.97,85.5,5.29,5.73
0,566,2008.080301,478949,345440.69,0.92,86.08,0.66,5,85.94,4.76,5.67
0,567,2008.107393,473657,342640.31,-2.72,89.45,0.24,1.38,89.07,4.35,5.61
0,568,2008.134485,476326,344388.59,1.06,90.89,0.01,5.18,90.45,4.12,5.64
0,569,2008.161577,477074,344915.31,-1.35,90.98,-0.05,2.77,90.36,4.07,5.79
0,570,2008.188669,478417,345949.91,0.88,91.37,-0.11,5,90.75,4.03,5.93
0,571,2008.215761,477046,344819.09,1.55,89.92,-0.34,5.69,89.37,3.82,5.9
0,572,2008.242853,475431,342529,-1.12,90.21,-0.79,3.07,89.56,3.39,5.69
0,573,2008.269945,472772,340283.81,-1.41,89.57,-1.33,2.8,88.91,2.87,5.43
0,574,2008.297037,472393,340335,-2.02,89.42,-1.69,2.21,88.97,2.53,5.41
0,575,2008.324129,472245,339858.81,-4.59,88.73,-1.57,-0.32,88.28,2.66,5.88
0,576,2008.351221,209043,151166.59,-3.6,87.57,-0.86,0.63,87.22,3.37,6.94
0,577,2008.378313,475778,342512.59,1.52,85.02,0.25,5.76,85.02,4.49,8.36
0,578,2008.405405,479722,346259.5,3.71,85.59,1.4,7.96,85.6,5.64,9.74
0,579,2008.432497,477387,345775.81,2.76,85.19,2.29,7,85.17,6.53,10.71
0,580,2008.459588,474771,345555.81,3.01,82.61,2.84,7.23,82.68,7.08,11.18
0,581,2008.48668,474275,345087.59,3.49,83.2,3.15,7.72,83.59,7.38,11.18
0,582,2008.513772,475170,346068.09,3.2,82.82,3.38,7.46,83.3,7.62,10.91
0,583,2008.540864,455535,334823.69,2.93,83.78,3.68,7.13,84.42,7.93,10.49
0,584,2008.567956,466933,342763.69,4,85.75,4.15,8.26,86.43,8.41,10.05
0,585,2008.595048,456021,335914.09,3.72,85.31,4.82,8.01,85.83,9.08,9.65
0,586,2008.62214,464058,343322.31,6.02,85.67,5.65,10.27,86.4,9.92,9.33
0,587,2008.649232,451789,334508.41,6.39,86.3,6.57,10.69,87.16,10.85,9.08
0,588,2008.676324,455085,336686.59,8.2,87.03,7.51,12.5,88.09,11.8,8.91
0,589,2008.703416,461597,340563.09,7.73,88.21,8.43,12,89.37,12.72,8.84
0,590,2008.730508,461259,339971.09,9.61,87.92,9.3,13.9,89.09,13.59,8.91
0,591,2008.7576,462183,339848.69,10.28,85.64,10.04,14.59,86.77,14.34,9.11
0,592,2008.784692,465334,342821.91,11.72,87.24,10.58,16.03,88.4,14.88,9.36
0,593,2008.811784,464363,342829.5,12.05,87.22,10.84,16.35,88.43,15.15,9.63
0,594,2008.838875,465768,342818.59,10.27,85.73,10.87,14.58,86.71,15.2,9.94
0,595,2008.865967,469660,343757.31,10.84,86.53,10.73,15.18,87.52,15.07,10.3
0,596,2008.893059,473508,345052.19,9.39,87.23,10.38,13.76,88.16,14.74,10.64
0,597,2008.920151,469751,340763.09,14.05,86.85,9.72,18.45,87.59,14.09,10.79
0,598,2008.947243,476348,344780.69,9.27,85.95,8.73,13.64,86.58,13.1,10.65
0,599,2008.974335,478144,346195.09,4.91,84.04,7.58,9.25,84.26,11.96,10.37
0,600,2009.001431,484446,348691.91,6.14,86.26,6.51,10.53,86.23,10.88,10.08
0,601,2009.028597,368297,265328.5,5.55,86.06,5.63,9.97,85.99,10.01,9.91
0,602,2009.055763,475105,343304.91,5.6,85.2,4.97,9.91,85.26,9.36,9.85
0,603,2009.082929,478423,344952.31,3.56,84.99,4.53,7.94,84.84,8.93,9.88
0,604,2009.110096,481463,347044.5,2.53,85.93,4.35,6.99,85.64,8.76,10.05
0,605,2009.137262,481081,346778.5,4.54,86.06,4.44,8.98,85.76,8.87,10.42
0,606,2009.164428,477041,344127.09,4.86,86.63,4.69,9.3,86.41,9.14,10.88
0,607,2009.191594,476608,343180.81,5.14,86.57,4.95,9.62,86.36,9.41,11.33
0,608,2009.21876,476654,343032.19,6.22,85.9,5.06,10.7,85.63,9.53,11.63
0,609,2009.245926,475373,342186.69,5.19,86.27,4.97,9.67,85.86,9.45,11.78
0,610,2009.273092,478983,345650.69,4.89,86.66,4.72,9.38,86.3,9.2,11.8
0,611,2009.300259,480783,346288.19,4.08,85.42,4.39,8.58,85.18,8.88,11.8
0,612,2009.327425,463140,333436.19,3.64,84.39,4.05,8.14,84.13,8.55,11.81
0,613,2009.354591,473448,341804.19,4.48,85.1,3.74,8.95,85.18,8.25,11.86
0,614,2009.381757,478786,344563.81,3.27,83.55,3.53,7.8,83.65,8.04,11.95
0,615,2009.408923,458633,331082.69,1.81,82.3,3.44,6.35,82.39,7.96,12.08
0,616,2009.436089,471379,340957.91,3.54,82.23,3.52,8.05,82.6,8.04,12.22
0,617,2009.463256,477223,346785.91,4.92,80.5,3.77,9.45,80.86,8.3,12.37
0,618,2009.490422,468816,341273.31,3.27,78.71,4.25,7.82,79.24,8.79,12.54
0,619,2009.517588,472709,345366.81,2.22,79.88,5.07,6.75,80.46,9.61,12.81
0,620,2009.544754,466781,342844.31,5.42,80.54,6.25,9.97,81.21,10.79,13.23
0,621,2009.57192,466050,342691.59,10.18,82.11,7.67,14.72,82.85,12.21,13.7
0,622,2009.599086,465927,344146.81,8.63,83.32,9.19,13.18,84.41,13.73,14.13
0,623,2009.626252,458260,338256.41,9.53,85.54,10.78,14.08,86.87,15.32,14.55
0,624,2009.653419,461517,340791,11.83,85.83,12.45,16.39,87.19,17,15.05
0,625,2009.680585,458154,339883,14.59,86.69,14.14,19.1,87.99,18.69,15.63
0,626,2009.707751,459223,340840.19,17.65,87.76,15.65,22.22,89.3,20.21,16.19
0,627,2009.734917,460158,340339.59,17.7,88.45,16.84,22.27,89.97,21.4,16.61
0,628,2009.762083,461292,341662.69,17.44,87.66,17.66,22.01,89.29,22.22,16.92
0,629,2009.789249,460242,339835.69,18.47,87.01,18.12,23.01,88.52,22.69,17.15
0,630,2009.816415,462022,340873.41,19.67,88.37,18.2,24.25,89.99,22.79,17.29
0,631,2009.843582,465209,342470.5,20.06,91.17,17.88,24.65,92.58,22.47,17.28
0,632,2009.870748,469884,344705.59,15.64,88.86,17.18,20.26,89.97,21.79,17.13
0,633,2009.897914,472514,344471.09,17.67,90.26,16.21,22.3,91.5,20.83,16.87
0,634,2009.92508,472804,342932.59,15.63,89.48,15.1,20.23,90.52,19.73,16.58
0,635,2009.952246,480214,345475.91,11.45,87.64,13.93,16.12,88.55,18.58,16.29
0,636,2009.979412,482129,346366.41,15.09,89.16,12.73,19.74,90.13,17.39,15.95
0,637,2010.006579,483391,347723.91,11.23,88.55,11.51,15.91,89.14,16.19,15.53
0,638,2010.033745,478403,344297.81,10.38,87.33,10.4,15.07,87.58,15.08,15.1
0,639,2010.060911,480770,346412.5,8.2,86,9.64,12.89,86.14,14.33,14.91
0,640,2010.088077,479711,345718.31,5.19,86.04,9.42,9.87,85.99,14.13,15.15
0,641,2010.115243,479643,345193.59,9.25,87.92,9.68,13.97,87.93,14.4,15.75
0,642,2010.142409,481123,346728.19,12.89,88.65,10,17.63,88.78,14.74,16.33
0,643,2010.169575,478419,344340.59,14.6,90.5,9.96,19.36,90.69,14.71,16.49
0,644,2010.196742,476611,343645.59,7.21,87.55,9.5,11.96,87.35,14.27,16.22
0,645,2010.223908,477782,344662.19,7.54,86.71,8.9,12.32,86.59,13.67,15.81
0,646,2010.251074,478256,345082.59,7.19,87.79,8.45,11.98,87.67,13.24,15.61
0,647,2010.27824,479481,345708.59,8.92,86.17,8.27,13.73,85.99,13.07,15.73
0,648,2010.305406,477940,344339.41,8.77,85.05,8.3,13.55,84.76,13.1,16.08
0,649,2010.332572,478844,345141.41,7.32,85.12,8.47,12.14,84.89,13.28,16.61
0,650,2010.359739,477225,344023.31,7.53,85.4,8.78,12.37,85.41,13.6,17.27
0,651,2010.386905,478057,345815.5,10.66,85.22,9.18,15.48,85.34,13.99,17.95
0,652,2010.414071,476474,345817.19,9.61,83.76,9.54,14.42,83.98,14.35,18.49
0,653,2010.441237,477803,346285.09,9.8,86.01,9.79,14.59,86.51,14.6,18.78
0,654,2010.468403,476176,346236.31,10.67,85.65,9.91,15.49,86.13,14.71,18.74
0,655,2010.495569,468484,343070.91,10.14,84.42,9.92,14.95,84.91,14.72,18.38
0,656,2010.522735,467926,343467.81,8.78,83.6,9.9,13.57,84.29,14.7,17.77
0,657,2010.549902,469097,345523.59,10.38,82.87,9.9,15.16,83.6,14.69,16.96
0,658,2010.577068,458536,338516.5,10.36,83.26,9.94,15.15,84,14.74,16.03
0,659,2010.604234,458901,341022.69,8.9,86.16,10.06,13.7,87.31,14.86,15.04
0,660,2010.6314,459743,341207,11.04,86.86,10.31,15.84,88.09,15.11,14.11
0,661,2010.658566,464192,344983.31,8.7,87.89,10.72,13.53,89.15,15.53,13.36
0,662,2010.685732,459393,341548.41,11.73,89.54,11.29,16.54,90.88,16.1,12.85
0,663,2010.712899,458324,340685.91,12.74,90.88,11.93,17.53,92.39,16.75,12.57
0,664,2010.740065,462648,342510.91,12.45,90.39,12.55,17.31,91.65,17.38,12.48
0,665,2010.767231,460581,341278.81,11.95,92.52,13.06,16.76,93.65,17.89,12.52
0,666,2010.794397,459965,340287,15.68,92.75,13.3,20.54,94.09,18.14,12.59
0,667,2010.821563,462458,341583.81,14.68,92.79,13.12,19.54,93.86,17.98,12.52
0,668,2010.848729,463516,341958,12.95,92.88,12.48,17.78,93.74,17.35,12.24
0,669,2010.875895,467909,344094.19,12.75,89.99,11.48,17.65,91.02,16.36,11.82
0,670,2010.903062,471418,346241.41,8.63,90.85,10.35,13.53,91.49,15.25,11.44
0,671,2010.930228,475174,347439.5,8.75,90.95,9.32,13.67,91.34,14.24,11.25
0,672,2010.957394,474991,345499.19,7.62,89.7,8.48,12.59,89.86,13.41,11.29
0,673,2010.98456,477691,346643.41,9.18,92.02,7.77,14.09,92.15,12.71,11.42
0,674,2011.011726,481606,348244.81,6.53,92.2,7.11,11.5,92.2,12.06,11.54
0,675,2011.038892,481574,347378.19,6.19,94.3,6.48,11.15,94.34,11.42,11.56
0,676,2011.066059,481744,346823.41,6.1,93.24,5.88,11.07,92.95,10.83,11.51
0,677,2011.093225,482071,348094.5,4.95,92,5.34,9.89,91.63,10.3,11.39
0,678,2011.120391,476121,343684.19,4.48,91.88,4.85,9.33,91.49,9.82,11.22
0,679,2011.147557,479307,345652.81,4.86,92.16,4.37,9.87,91.87,9.35,10.97
0,680,2011.174723,478761,345257.59,4.21,93.03,3.84,9.27,92.8,8.84,10.65
0,681,2011.201889,480075,346498.41,4.33,92.92,3.31,9.35,92.46,8.33,10.32
0,682,2011.229055,478205,344821.81,-0.29,93.86,2.87,4.75,93.13,7.91,10.09
0,683,2011.256222,476367,343001.5,3.09,93.23,2.6,8.15,92.67,7.65,10.07
0,684,2011.283388,477653,344262.5,3.56,93.29,2.48,8.6,92.82,7.54,10.25
0,685,2011.310554,478871,345485.69,2.32,92.85,2.53,7.39,92.4,7.6,10.65
0,686,2011.33772,479826,346015.91,-0.27,90.01,2.78,4.81,89.59,7.86,11.26
0,687,2011.364886,479939,345509.19,4.22,88.28,3.27,9.31,87.99,8.35,12.08
0,688,2011.392052,481483,347363.5,4.76,86.06,3.94,9.85,85.92,9.03,13.03
0,689,2011.419218,480212,346448.81,2.97,85.82,4.7,8.07,85.81,9.78,13.94
0,690,2011.446385,475744,345805.09,5.82,83.86,5.42,10.89,84.07,10.5,14.66
0,691,2011.473551,478663,348218.09,8.61,83.93,6.02,13.66,84.38,11.1,15.07
0,692,2011.500717,470762,344351.31,5.87,83.15,6.55,10.97,83.52,11.62,15.18
0,693,2011.527883,473616,346643.19,5.72,81.63,7.2,10.77,82.03,12.27,15.2
0,694,2011.555049,472450,347281,6.08,82.5,8.2,11.15,83.34,13.28,15.38
0,695,2011.582215,465730,343337.91,8.61,84.08,9.62,13.69,84.97,14.7,15.79
0,696,2011.609382,459917,339730.09,12.57,84.91,11.25,17.64,85.94,16.33,16.29
0,697,2011.636548,458528,338806.91,13.73,87.28,12.79,18.81,88.55,17.87,16.65
0,698,2011.663714,461230,340804.41,15.82,88.41,14.02,20.92,89.84,19.1,16.72
0,699,2011.69088,463982,342914.81,15.06,90.42,14.98,20.14,91.86,20.06,16.62
0,700,2011.718046,464295,344012.5,13.8,89.26,15.81,18.88,90.63,20.9,16.56
0,701,2011.745212,460432,341363.5,16.52,89.87,16.55,21.64,91.17,21.65,16.64
0,702,2011.772378,418017,308500.81,19.1,90.38,17.05,24.15,91.91,22.15,16.73
0,703,2011.799545,464839,341480.59,20.83,91.82,17.09,25.96,93.52,22.2,16.65
0,704,2011.826711,465495,342626.59,16.16,91.09,16.71,21.23,92.48,21.83,16.42
0,705,2011.853877,470639,344101.91,13.74,90.37,16.18,18.9,91.61,21.32,16.3
0,706,2011.881043,474877,346381.5,14.59,87.34,15.77,19.77,88.36,20.93,16.52
0,707,2011.908209,476863,346574.09,17.44,88.11,15.55,22.64,89.16,20.73,17.07
0,708,2011.935375,476227,345307.69,14.98,86.14,15.45,20.15,87.3,20.64,17.82
0,709,2011.962542,480483,347011.81,15.12,86.26,15.42,20.34,87.14,20.62,18.66
0,710,2011.989708,481487,348340.5,14.29,87.68,15.44,19.49,88.3,20.65,19.52
0,711,2012.016828,480707,347142.5,16.81,84.36,15.49,22.03,84.97,20.7,20.31
0,712,2012.04392,482556,347650.59,15.05,83.88,15.49,20.26,84.31,20.71,20.96
0,713,2012.071012,482041,347813.5,16.7,86,15.36,21.94,86.23,20.59,21.35
0,714,2012.098104,478068,345272.59,14.4,86.22,15.06,19.61,86.53,20.29,21.44
0,715,2012.125195,478554,344419.59,15.73,88.02,14.64,20.99,88.11,19.87,21.31
0,716,2012.152287,478860,345203,14.1,88.06,14.18,19.37,88.03,19.42,21.08
0,717,2012.179379,478946,347099.91,12.13,89.58,13.82,17.34,89.54,19.06,20.9
0,718,2012.206471,476584,344903.31,13.25,90.93,13.62,18.46,90.82,18.87,20.89
0,719,2012.233563,474451,342548.19,14.44,89.42,13.56,19.71,89.37,18.83,21.05
0,720,2012.260655,473592,341526.59,13.1,90.11,13.56,18.4,90.09,18.85,21.32
0,721,2012.287747,475051,343033.09,13.61,89.24,13.58,18.93,89.28,18.89,21.65
0,722,2012.314839,476841,344270.59,13.8,89.73,13.59,19.15,89.85,18.91,22.01
0,723,2012.341931,475528,343385.41,13.52,89.64,13.6,18.84,89.83,18.93,22.38
0,724,2012.369023,478620,344830.69,14.05,88.01,13.72,19.39,88.55,19.05,22.83
0,725,2012.396115,385039,277624.91,12,85.14,14.02,17.34,85.63,19.36,23.39
0,726,2012.423207,478130,346328.31,13.52,85.56,14.58,18.87,86.11,19.91,24.08
0,727,2012.450299,478272,346234.59,17.42,85.68,15.37,22.76,86.41,20.71,24.86
0,728,2012.477391,477592,347357.91,15,84.8,16.37,20.31,85.8,21.7,25.63
0,729,2012.504482,476338,347311.81,15.53,84.64,17.56,20.89,85.68,22.89,26.38
0,730,2012.531574,467122,343110.09,19.53,85.46,18.85,24.85,86.83,24.18,27.01
0,731,2012.558666,469483,345240.81,22.18,86.45,20.05,27.52,87.97,25.38,27.35
0,732,2012.585758,463745,341721.31,21.5,87.59,21.06,26.78,89.24,26.38,27.33
0,733,2012.61285,463028,341944.31,22.34,88.56,21.92,27.69,90.48,27.24,27.05
0,734,2012.639942,463417,343080.81,19.66,89.09,22.84,24.98,91.07,28.18,26.81
0,735,2012.667034,461938,342101,24.87,90.24,23.99,30.22,92.36,29.33,26.81
0,736,2012.694126,461907,342748.31,24.13,88.59,25.31,29.46,90.66,30.66,27.1
0,737,2012.721218,459753,341161,28.37,89.61,26.57,33.74,91.75,31.93,27.5
0,738,2012.74831,459839,339622.41,28.6,91.6,27.52,33.99,93.83,32.87,27.8
0,739,2012.775402,463565,341317.31,29.93,89.9,28,35.27,92.16,33.36,27.91
0,740,2012.802494,463127,340602.41,28.07,88.91,28.05,33.4,91.04,33.43,27.88
0,741,2012.829586,467626,344229,27.34,88.36,27.83,32.74,90.54,33.22,27.84
0,742,2012.856677,468673,344378.81,27.96,87.26,27.48,33.35,89.22,32.89,27.93
0,743,2012.883769,472957,345007.31,27.06,86.27,27.09,32.48,88.07,32.52,28.18
0,744,2012.910861,478004,346929.41,25.77,84.91,26.68,31.24,86.62,32.12,28.54
0,745,2012.937953,479243,346394.69,28.34,84.91,26.19,33.84,86.48,31.66,28.92
0,746,2012.965045,478341,344931.31,24.41,85.52,25.64,29.86,86.77,31.11,29.23
0,747,2012.992137,480556,346652.91,25.67,85.78,25.04,31.16,86.95,30.53,29.47
0,748,2013.019282,484195,348886.5,23.94,84.82,24.47,29.44,85.74,29.96,29.64
0,749,2013.046448,480765,346942.69,23.05,86.71,23.96,28.56,87.5,29.47,29.77
0,750,2013.073614,475029,342997.69,24.7,86.32,23.52,30.2,87.18,29.04,29.84
0,751,2013.10078,468987,337393.41,22.95,85.21,23.16,28.49,86.1,28.68,29.86
0,752,2013.127946,478753,345100.69,21.38,85.99,22.86,26.91,86.35,28.4,29.87
0,753,2013.155113,480658,347112.81,22.99,88.55,22.62,28.53,88.86,28.17,29.85
0,754,2013.182279,476845,345216.91,23.56,89.62,22.35,29.1,90.03,27.92,29.78
0,755,2013.209445,477810,343770.31,21.78,90.06,21.96,27.39,90.49,27.55,29.59
0,756,2013.236611,127800,91065.6,21.8,87.83,21.41,27.32,88.39,27.02,29.27
0,757,2013.263777,319572,230766.2,21.96,90.7,20.76,27.71,91.03,26.37,28.87
0,758,2013.290943,479245,344691.59,17.64,88.35,20.07,23.26,88.56,25.69,28.49
0,759,2013.318109,477818,343964,20.09,91.06,19.37,25.71,91.51,25,28.14
0,760,2013.345276,479207,345796.19,20.22,92.21,18.64,25.79,92.84,24.26,27.75
0,761,2013.372442,479795,346341.41,17.68,90.72,17.86,23.33,91.17,23.49,27.3
0,762,2013.399608,477877,344535.09,15.85,89.57,17.17,21.53,89.87,22.79,26.85
0,763,2013.426774,476725,345121.41,15.83,88.11,16.71,21.46,88.49,22.34,26.52
0,764,2013.45394,475192,346216.19,15.42,86.16,16.61,21.02,86.84,22.23,26.36
0,765,2013.481106,472195,345531.81,17.53,84.56,16.87,23.12,85.49,22.49,26.37
0,766,2013.508272,469443,344111.09,15.66,84.81,17.46,21.29,86.03,23.07,26.48
0,767,2013.535439,466805,343903,17.45,84.38,18.24,23.05,85.72,23.85,26.57
0,768,2013.562605,461351,341483.19,20.83,86.11,19.06,26.44,87.58,24.68,26.51
0,769,2013.589771,462272,341944,21.74,85.31,19.81,27.37,87.1,25.44,26.22
0,770,2013.616937,460459,342003.09,17.81,86.09,20.56,23.45,87.82,26.18,25.81
0,771,2013.644103,460966,342653.5,20.71,86.13,21.44,26.36,88.11,27.06,25.51
0,772,2013.671269,326536,242340.5,22.31,85.85,22.53,27.83,87.99,28.16,25.47
0,773,2013.698436,232596,173703.41,24.26,87.78,23.75,29.97,89.87,29.38,25.67
0,774,2013.725602,457947,340905.59,25.46,89.99,24.94,31.1,91.96,30.58,26.03
0,775,2013.752768,458345,340103,26.45,91.65,25.98,32.1,93.77,31.62,26.47
0,776,2013.779934,462750,342595.81,26.5,90.78,26.8,32.14,93.05,32.44,26.95
0,777,2013.8071,462180,342314.5,28.78,89.77,27.3,34.39,92.01,32.95,27.41
0,778,2013.834266,463747,343079.41,28.86,90.74,27.41,34.5,93.16,33.07,27.75
0,779,2013.861432,465668,344064.5,27.4,88.02,27.06,33.07,90.17,32.74,27.87
0,780,2013.888599,469982,344783.09,27.36,87.47,26.32,33.07,89.53,32.02,27.8
0,781,2013.915765,473676,346124.81,26.59,87.55,25.36,32.34,89.49,31.07,27.63
0,782,2013.942931,476189,345608.09,21.36,85.76,24.41,27.07,87.48,30.13,27.55
0,783,2013.970097,476406,345772.59,23.09,86.97,23.67,28.8,88.48,29.39,27.66
0,784,2013.997263,478664,346049.09,24.15,86.05,23.17,29.83,87.31,28.9,27.98
0,785,2014.024429,483061,347949,22.15,85.52,22.88,27.9,86.62,28.61,28.41
0,786,2014.051596,482798,347432.19,22.75,85.88,22.77,28.54,86.94,28.51,28.92
0,787,2014.078762,479559,346177.91,21.48,87.41,22.85,27.2,88.29,28.6,29.48
0,788,2014.105928,482233,347602.19,22.35,87.68,23.11,28.12,88.48,28.87,30.11
0,789,2014.133094,482671,347829.81,24.91,88.3,23.41,30.68,89.04,29.17,30.68
0,790,2014.16026,431256,312002,24.51,90.21,23.57,30.23,90.91,29.33,31.04
0,791,2014.187426,477867,344951.41,23.59,89.24,23.48,29.36,89.87,29.25,31.14
0,792,2014.214592,479499,345525.81,23.17,89.66,23.1,28.98,90.29,28.9,30.97
0,793,2014.241759,478865,345488.5,23.77,88.79,22.45,29.54,89.57,28.27,30.56
0,794,2014.268925,479944,345925.5,22.11,87.09,21.58,27.97,87.75,27.42,29.97
0,795,2014.296091,476251,342600.59,20.52,86.6,20.59,26.38,87.33,26.45,29.32
0,796,2014.323257,420393,301483.5,18.32,87.45,19.68,24.26,88.47,25.55,28.76
0,797,2014.350423,478769,345405.41,18.46,86.6,19.02,24.31,87.6,24.91,28.47
0,798,2014.377589,479187,344317.41,17.51,87.22,18.72,23.42,88.04,24.62,28.49
0,799,2014.404756,478023,344874.91,18.85,86.06,18.82,24.77,87.01,24.71,28.8
0,800,2014.431922,477754,345367.41,18.06,85.82,19.31,23.94,86.75,25.2,29.38
0,801,2014.459088,470895,342392.5,18.96,83.64,20.16,24.86,85.08,26.05,30.15
0,802,2014.486254,468899,343552.41,20.97,83.72,21.29,26.87,85.46,27.17,30.98
0,803,2014.51342,468868,344716.69,23.58,83.48,22.54,29.46,85.45,28.41,31.71
0,804,2014.540586,465127,343136.5,24.65,84.05,23.79,30.5,85.92,29.66,32.23
0,805,2014.567752,459180,340510.09,22.99,85.54,25,28.86,87.57,30.87,32.51
0,806,2014.594919,456455,340361,27.2,87.02,26.18,33.01,89.37,32.04,32.61
0,807,2014.622085,458427,340973.81,27.89,87.79,27.26,33.77,90.41,33.13,32.54
0,808,2014.649251,456821,338849.31,28.7,88.9,28.21,34.6,91.63,34.09,32.32
0,809,2014.676417,455203,338018.09,28.94,90.28,29.04,34.82,93.11,34.92,32.03
0,810,2014.703583,455496,338487.69,30.31,92.75,29.84,36.21,95.59,35.73,31.84
0,811,2014.730749,457462,340403.69,28.58,91.69,30.67,34.48,94.47,36.57,31.89
0,812,2014.757915,459238,340094.19,31.46,91.6,31.44,37.35,94.33,37.35,32.11
0,813,2014.785082,461799,340725.09,35.62,93.58,31.91,41.51,96.44,37.83,32.31
0,814,2014.812248,461771,340329.59,33.98,92.17,31.86,39.94,95.04,37.79,32.27
0,815,2014.839414,465705,342572.5,30.52,92.72,31.37,36.48,95.35,37.33,32.08
0,816,2014.86658,468775,343399.59,30.52,93.12,30.81,36.46,95.68,36.78,32.02
0,817,2014.893746,474992,345894.5,27.14,90.87,30.48,33.15,93.27,36.47,32.39
0,818,2014.920912,479333,347903.5,28.74,88.91,30.43,34.76,91.51,36.44,33.16
0,819,2014.948079,430588,312254.31,36.08,91.73,30.39,42.03,94.08,36.4,33.98
0,820,2014.975245,400953,289318.09,31.34,90.27,30.11,37.46,92.35,36.14,34.57
0,821,2015.002411,480615,347164.59,26.1,88.92,29.71,32.17,90.57,35.75,34.98
0,822,2015.029577,480256,347272.41,28.64,90.52,29.49,34.61,92.21,35.53,35.46
0,823,2015.056743,477225,344212.19,28.65,88.82,29.65,34.68,90.45,35.68,36.19
0,824,2015.083909,483777,348814.09,30.55,91.44,30.11,36.6,93.14,36.14,37.1
0,825,2015.111075,483733,348357.81,30.25,92.57,30.62,36.29,93.99,36.65,37.95
0,826,2015.138242,479571,346446.41,33.58,93.36,30.94,39.57,95.1,36.96,38.51
0,827,2015.165408,475346,342967.41,31.58,91.41,30.97,37.58,93.02,37.01,38.76
0,828,2015.192574,478192,345042.69,29.65,93.31,30.82,35.66,94.79,36.87,38.79
0,829,2015.21974,471586,339218.91,29.92,94.59,30.61,36.05,96.05,36.69,38.8
0,830,2015.246906,480463,345936,31.18,94.76,30.43,37.28,96.23,36.53,38.87
0,831,2015.274072,480858,345897.81,30.19,95.04,30.2,36.32,96.36,36.32,38.93
0,832,2015.301239,478175,343954.41,30.78,95.22,29.84,36.87,96.68,35.98,38.91
0,833,2015.328405,473249,340505.91,30.35,93.7,29.41,36.55,95.24,35.56,38.84
0,834,2015.355571,479450,344907.41,27.41,93.85,29.11,33.62,95.48,35.27,38.89
0,835,2015.382737,478025,345402.41,26.19,94.21,29.19,32.33,95.83,35.35,39.27
0,836,2015.409903,475422,343087.91,29.73,95.36,29.75,35.88,97,35.91,40.03
0,837,2015.437069,477649,345750.31,30.58,95.99,30.7,36.74,97.54,36.85,41.03
0,838,2015.464235,469790,342549.09,32.13,95.48,31.83,38.25,97.49,37.98,42.04
0,839,2015.491402,469412,344110.59,33.52,96.92,32.99,39.67,99.28,39.14,42.87
0,840,2015.518568,468089,343287.91,33.25,97.78,34.13,39.43,100.3,40.29,43.47
0,841,2015.545734,461755,340593.59,35.78,97.56,35.27,41.94,100.25,41.44,43.85
0,842,2015.5729,462545,341309.09,36.43,101.76,36.47,42.61,104.49,42.65,44.1
0,843,2015.600066,463893,342477.31,37.58,103.78,37.8,43.79,106.85,43.98,44.34
0,844,2015.627232,460938,341879.31,36.53,103.94,39.26,42.7,106.89,45.44,44.63
0,845,2015.654399,454170,337625.91,43.2,106.19,40.76,49.4,109.5,46.95,44.96
0,846,2015.681565,459534,340534.81,43.35,109.83,42.16,49.53,113.1,48.35,45.26
0,847,2015.708731,463665,343614.19,42.93,107.54,43.35,49.12,110.75,49.54,45.49
0,848,2015.735897,460182,341147.09,44.27,109.91,44.32,50.47,113.13,50.52,45.71
0,849,2015.763063,458036,340294,45.57,113.82,45.05,51.75,117.12,51.25,45.94
0,850,2015.790229,461886,340445.19,46.47,114.25,45.42,52.68,117.46,51.63,46.09
0,851,2015.817395,456934,336239.91,48.42,115.32,45.34,54.61,118.57,51.56,46.07
0,852,2015.844562,466593,341585.69,44.61,113.94,44.82,50.87,116.93,51.05,45.87
0,853,2015.871728,462852,337866.19,41.85,112.08,43.99,48.06,115.02,50.23,45.59
0,854,2015.898894,474976,345560.91,45.3,112.71,42.96,51.58,115.54,49.21,45.28
0,855,2015.92606,476638,345191.81,42.9,111.07,41.76,49.15,113.87,48.03,44.91
0,856,2015.953226,477871,344319.5,39.71,108,40.55,46,110.36,46.82,44.56
0,857,2015.980392,480681,346961.31,38.14,107.22,39.58,44.41,109.52,45.86,44.45
0,858,2016.007538,478886,344882.5,35.56,104.74,39.06,41.83,106.8,45.35,44.72
0,859,2016.03463,476925,342558.5,39.4,106.99,38.98,45.74,109.05,45.28,45.32
0,860,2016.061722,480386,345438.5,41.9,106.35,39.12,48.24,108.39,45.42,46.02
0,861,2016.088814,476861,344438.09,37.47,103.46,39.24,43.71,105.48,45.56,46.59
0,862,2016.115906,481425,347132.69,40.01,101.54,39.28,46.33,103.56,45.6,46.95
0,863,2016.142997,479171,345120.19,39.23,101.66,39.24,45.58,103.75,45.58,47.17
0,864,2016.170089,477248,343429.69,39.39,102.8,39.13,45.79,104.73,45.49,47.27
0,865,2016.197181,477533,344235.69,37.82,102.98,38.9,44.18,104.52,45.27,47.22
0,866,2016.224273,455818,329633.19,41.53,103.03,38.42,47.88,104.65,44.79,46.94
0,867,2016.251365,477397,344744.69,37.81,102.11,37.59,44.16,103.6,43.98,46.36
0,868,2016.278457,477114,343418.41,37.16,101.07,36.48,43.59,102.73,42.89,45.55
0,869,2016.305549,478169,344045,34.32,98.47,35.3,40.78,100.28,41.73,44.71
0,870,2016.332641,474459,341277.69,33.45,98.17,34.34,39.92,99.98,40.79,44.12
0,871,2016.359733,478722,345112.19,31.97,97.46,33.86,38.44,99.25,40.32,43.99
0,872,2016.386825,478612,345389.19,31.72,97.47,33.91,38.2,99.36,40.38,44.34
0,873,2016.413917,476509,344062.5,35.32,98.8,34.35,41.73,100.5,40.82,44.96
0,874,2016.441009,469658,340378.91,35.33,97.6,34.9,41.83,99.57,41.37,45.55
0,875,2016.468101,473193,343906.91,36.79,97.27,35.27,43.31,99.59,41.75,45.78
0,876,2016.495193,474528,344815.59,35.73,96.77,35.37,42.18,99.16,41.84,45.51
0,877,2016.522284,470473,343472.81,35.12,94.34,35.25,41.59,96.9,41.72,44.8
0,878,2016.549376,466985,342067.81,35.46,93.28,35.09,41.92,96.22,41.56,43.85
0,879,2016.576468,468475,342720.19,33.8,93.53,35.15,40.27,96.33,41.61,42.92
0,880,2016.60356,467588,343101.91,33.79,93.55,35.64,40.27,96.44,42.11,42.32
0,881,2016.630652,462088,340464.59,34,94.48,36.64,40.45,97.32,43.11,42.15
0,882,2016.657744,457989,338910.41,39.34,95.93,37.91,45.82,99.32,44.38,42.25
0,883,2016.684836,464620,342393.59,41.43,95.96,39.08,47.9,99.4,45.55,42.33
0,884,2016.711928,464740,342121.69,41.84,95.05,39.93,48.31,98.62,46.41,42.26
0,885,2016.73902,466099,342596.31,39.32,95.13,40.53,45.78,98.67,47.01,42.13
0,886,2016.766112,465051,341673.59,38.7,96.3,41.13,45.19,99.69,47.62,42.27
0,887,2016.793204,469591,343936.19,42.33,97.09,41.88,48.8,100.58,48.38,42.83
0,888,2016.820296,467317,340722.31,43.62,95.91,42.69,50.16,99.6,49.21,43.74
0,889,2016.847388,469138,342933.5,43.68,96.83,43.31,50.19,100.23,49.84,44.71
0,890,2016.87448,472052,343185.31,44.86,95.63,43.46,51.43,98.8,50.01,45.43
0,891,2016.901571,478495,346453.91,46.29,95.08,43,52.9,98.17,49.56,45.7
0,892,2016.928663,412712,297914.19,42.17,91.38,41.98,48.75,94.21,48.53,45.49
0,893,2016.955755,480846,346842.09,39.61,90.04,40.6,46.09,92.86,47.16,44.98
0,894,2016.982847,480430,347839.59,39.14,89.49,39.14,45.67,92.07,45.7,44.36
0,895,2017.009966,485347,349233.19,36.94,87.24,37.77,43.54,89.6,44.34,43.77
0,896,2017.037133,482567,347264.31,37.17,88.36,36.55,43.79,90.4,43.14,43.24
0,897,2017.064299,479200,344826.31,34.8,87.91,35.56,41.36,89.71,42.15,42.79
0,898,2017.091465,479859,345492.69,33.46,87.36,34.87,40.08,88.98,41.48,42.55
0,899,2017.118631,478434,344268.5,33.39,90.07,34.57,40.01,91.75,41.2,42.58
0,900,2017.145797,479643,344784.5,34.51,88.39,34.66,41.16,90.14,41.3,42.91
0,901,2017.172963,483270,347856,34.47,90.15,35.04,41.14,91.61,41.68,43.48
0,902,2017.200129,476093,343366.59,35.41,92.77,35.53,42.05,94.19,42.17,44.14
0,903,2017.227296,476915,343784.59,36.92,94.69,35.93,43.54,96.08,42.58,44.75
0,904,2017.254462,475783,343274.31,37.43,94.12,36.07,44.05,95.79,42.74,45.15
0,905,2017.281628,478451,344591.19,36.33,92.26,35.86,43.04,94.05,42.55,45.24
0,906,2017.308794,475213,341897,36.19,92.45,35.35,42.91,94.38,42.05,45.07
0,907,2017.33596,479329,344718.41,34.24,90.3,34.69,40.95,92.15,41.4,44.77
0,908,2017.363126,483975,348429.41,33.97,88.81,34.11,40.72,90.8,40.83,44.54
0,909,2017.390293,480876,346277.59,31,87.59,33.81,37.73,89.54,40.53,44.52
0,910,2017.417459,478509,345081,34.07,90.13,33.84,40.75,92.06,40.56,44.71
0,911,2017.444625,475488,343148.69,34.58,89.4,34.14,41.33,91.53,40.86,45.03
0,912,2017.471791,477892,345091.59,34.4,88.39,34.64,41.12,91.07,41.36,45.35
0,913,2017.498957,475148,344423.19,34.61,89.22,35.33,41.34,92.21,42.06,45.66
0,914,2017.526123,475941,346022.59,34.9,88.93,36.29,41.65,91.98,43.02,46
0,915,2017.553289,469873,343282.19,36.68,89.33,37.52,43.4,92.13,44.24,46.4
0,916,2017.580456,465825,342386.69,40.44,92.28,38.91,47.13,95.6,45.63,46.79
0,917,2017.607622,465504,341490.19,40.01,91.87,40.36,46.75,95.34,47.08,47.11
0,918,2017.634788,463046,341827.31,41.14,93.94,41.79,47.85,97.43,48.51,47.37
0,919,2017.661954,455695,337208.31,43.46,94.59,43.09,50.16,98.26,49.82,47.51
0,920,2017.68912,462698,342827,45.78,96.16,44.17,52.52,100,50.89,47.51
0,921,2017.716286,464464,344287.19,46.71,96.92,44.94,53.44,100.76,51.67,47.38
0,922,2017.743453,462422,342371.31,44.28,95.89,45.49,51.02,99.58,52.23,47.25
0,923,2017.770619,466066,344496.09,45.1,98.01,45.99,51.85,101.69,52.74,47.34
0,924,2017.797785,462025,341946,46.45,99.31,46.54,53.22,102.88,53.3,47.75
0,925,2017.824951,465248,342554.09,47.48,99.04,47.07,54.25,102.45,53.84,48.41
0,926,2017.852117,469213,344595,49.4,97.01,47.42,56.12,100.53,54.21,49.16
0,927,2017.879283,476076,346501.59,46.92,95.39,47.44,53.72,98.82,54.24,49.78
0,928,2017.906449,480311,347545.09,48.52,97.55,47.03,55.37,100.79,53.86,50.15
0,929,2017.933616,478472,345450.09,47.42,97.48,46.17,54.3,100.66,53.02,50.14
0,930,2017.960782,482576,348484.91,46.57,96.54,44.95,53.45,99.48,51.8,49.78
0,931,2017.987948,484683,349239,42.12,92.97,43.6,48.99,95.77,50.46,49.27
0,932,2018.015114,481895,346910.41,40.36,91.86,42.44,47.22,94.57,49.3,48.87
0,933,2018.04228,482066,347919.19,40.66,90.92,41.64,47.49,93.59,48.5,48.71
0,934,2018.069446,485989,349743.69,41.07,91.85,41.13,47.98,94.22,48,48.73
0,935,2018.096613,480385,346683,42.6,94.98,40.74,49.44,97.39,47.6,48.73
0,936,2018.123779,480363,346531.09,40.38,93.98,40.32,47.22,96.22,47.2,48.63
0,937,2018.150945,480445,346481.19,37.59,91.87,39.87,44.48,93.83,46.76,48.41
0,938,2018.178111,480826,346458.41,40.42,93.9,39.38,47.31,95.61,46.3,48.13
0,939,2018.205277,482400,347638.19,40.66,94.17,38.81,47.62,95.76,45.76,47.77
0,940,2018.232443,481709,347064.91,38.3,92.05,38.18,45.32,93.86,45.16,47.37
0,941,2018.259609,478761,343539.09,34.95,91.24,37.65,41.97,92.97,44.65,47.11
0,942,2018.286776,480288,346320.81,36.81,91.33,37.38,43.81,93.11,44.39,47.14
0,943,2018.313942,482310,346908.59,37.15,90.25,37.38,44.17,92.04,44.39,47.48
0,944,2018.341108,481813,346364.19,38.54,89.05,37.51,45.56,90.99,44.52,47.96
0,945,2018.368274,478388,343680.91,37.89,88.63,37.64,44.9,90.87,44.65,48.42
0,946,2018.39544,482674,347004.31,36.59,87.6,37.7,43.6,89.87,44.72,48.75
0,947,2018.422606,478904,345261.91,38.91,89.03,37.73,45.94,91.28,44.75,48.92
0,948,2018.449772,478816,345698.69,38.28,88.67,37.81,45.29,91.01,44.83,48.98
0,949,2018.476939,476421,345260.19,35.99,87.43,38.1,43.07,90.11,45.12,49.05
0,950,2018.504105,475124,346202.91,36.43,87.32,38.74,43.42,90.32,45.74,49.24
0,951,2018.531271,466436,341695.31,40.54,90.76,39.69,47.53,93.6,46.69,49.53
0,952,2018.558437,464722,341075,42.09,93.25,40.82,49.07,96.36,47.81,49.79
0,953,2018.585603,464708,342596.91,41.29,93.42,42.05,48.23,96.72,49.03,49.98
0,954,2018.612769,464702,343043.41,42.6,97,43.39,49.61,100.63,50.38,50.19
0,955,2018.639936,461590,342000.81,43.55,96.05,44.93,50.55,99.92,51.93,50.56
0,956,2018.667102,460503,341670.69,46.81,97.17,46.62,53.81,101.15,53.63,51.11
0,957,2018.694268,458974,340219.09,50.19,102.89,48.29,57.19,106.99,55.3,51.74
0,958,2018.721434,460646,341053,49,101.59,49.74,56.02,105.69,56.76,52.32
0,959,2018.7486,458536,339020.91,53.03,104.54,50.83,60.04,108.6,57.85,52.77
0,960,2018.775766,461025,339889.31,51.79,105.02,51.46,58.83,108.94,58.49,53.04
0,961,2018.802932,466796,341590.91,52.34,104.61,51.58,59.38,108.34,58.62,53.07
0,962,2018.830099,468421,342562.91,53.79,106.18,51.16,60.83,109.99,58.2,52.83
0,963,2018.857265,473587,344800.19,50.47,105.22,50.27,57.5,108.93,57.32,52.37
0,964,2018.884431,473070,343542.41,49.07,103.16,49.12,56.1,106.82,56.18,51.85
0,965,2018.911597,475027,343613.69,46.55,101.97,47.94,53.64,105.43,55.02,51.46
0,966,2018.938763,479229,346155.91,46.79,99.43,46.93,53.88,102.56,54.03,51.31
0,967,2018.965929,483181,347477.59,45.92,97.68,46.21,53.04,100.53,53.33,51.47
0,968,2018.993096,484627,348215.19,44.75,95.59,45.79,51.93,98.4,52.93,51.89
0,969,2019.020262,481073,346073.81,43.72,95.95,45.63,50.89,98.58,52.79,52.49
0,970,2019.047428,483025,347856.5,48.28,97.01,45.61,55.44,99.88,52.77,53.09
0,971,2019.074594,479261,345354,44.67,96.2,45.57,51.84,98.77,52.73,53.55
0,972,2019.10176,481975,347052.81,46.49,97.69,45.48,53.66,100.11,52.64,53.84
0,973,2019.128926,479412,345063.69,44.77,96.08,45.42,51.95,98.36,52.58,54.06
0,974,2019.156092,88619,64005.6,43.39,98.99,45.49,50.38,101.11,52.67,54.36
0,975,2019.183259,363687,261535,45.78,97.7,45.68,53.11,100.01,52.89,54.75
0,976,2019.210425,479961,345826,48.5,99.36,45.83,55.72,101.63,53.07,55.11
0,977,2019.237591,476929,343358.59,45.77,97.86,45.84,53.04,100.33,53.09,55.34
0,978,2019.264757,216767,156691.59,45.81,102.16,45.76,53.13,104.56,53.03,55.54
0,979,2019.291923,454907,326569,42.8,95.21,45.74,50.02,97.47,53.02,55.83
0,980,2019.319089,479538,345597.41,46.44,97.82,45.79,53.72,100.18,53.08,56.24
0,981,2019.346256,476289,343804.81,48.63,97.75,45.77,55.95,100.38,53.07,56.58
0,982,2019.373422,476985,343318.5,45.87,95.2,45.61,53.19,97.92,52.91,56.73
0,983,2019.400588,480090,344456.41,43.96,93.6,45.4,51.32,96.42,52.7,56.77
0,984,2019.427754,479820,346379.41,42.98,93.9,45.35,50.27,96.86,52.63,56.81
0,985,2019.45492,478547,345343.69,46.9,93.86,45.57,54.13,97.01,52.83,56.96
0,986,2019.482086,473862,343775.5,45.68,93.95,46.02,52.89,97.2,53.27,57.14
0,987,2019.509252,470859,342081.69,45.99,94.23,46.65,53.24,97.77,53.89,57.28
0,988,2019.536419,468192,341447.81,47.61,97.02,47.5,54.84,100.57,54.73,57.42
0,989,2019.563585,468432,342312.81,47.06,97.68,48.66,54.26,101.5,55.88,57.68
0,990,2019.590751,466657,343125.5,48.54,97.09,50.13,55.74,100.97,57.35,58.09
0,991,2019.617917,465115,342192.31,52.27,98.78,51.8,59.53,102.89,59.02,58.61
0,992,2019.645083,465582,342309,55.71,103.52,53.4,62.91,107.76,60.62,59.03
0,993,2019.672249,462219,340083.69,54.67,104.22,54.68,61.86,108.34,61.9,59.17
0,994,2019.699415,463470,341736.41,56.79,107.93,55.52,64.03,112.14,62.75,59.01
0,995,2019.726582,463237,341344.81,57.13,106.05,55.92,64.36,110.31,63.16,58.58
0,996,2019.753748,462195,339790.69,55.78,105.8,55.97,63.04,110.09,63.23,58.06
0,997,2019.780914,464113,340822.31,56.78,106.49,55.84,64.06,110.8,63.11,57.62
0,998,2019.80808,464034,340213.59,54.74,105.28,55.69,62.04,109.68,62.99,57.45
0,999,2019.835246,469942,343796.69,53.07,105.06,55.62,60.42,109.48,62.93,57.62
0,1000,2019.862412,470521,342900.5,58.26,107.31,55.52,65.5,111.65,62.84,57.99
0,1001,2019.889579,476291,345228.81,56.77,107.64,55.14,64.12,111.73,62.48,58.29
0,1002,2019.916745,477364,344693.41,55.06,106.21,54.32,62.46,110.15,61.67,58.26
0,1003,2019.943911,480803,346059.41,53.86,105.4,53.05,61.19,108.91,60.43,57.88
0,1004,2019.971077,483172,347106.69,50.94,101.96,51.5,58.35,105.42,58.9,57.2
0,1005,2019.998243,482467,346879.09,50.62,100.1,49.86,58.08,103.36,57.28,56.39
0,1006,2020.02534,479365,346289.81,47.35,98.39,48.56,54.75,101.56,56.01,55.84
0,1007,2020.052432,480291,346224.5,44.99,97.91,47.74,52.41,100.91,55.2,55.62
0,1008,2020.079524,288360,207875.91,47.87,97.45,47.29,55.29,100.23,54.76,55.66
0,1009,2020.106616,52754,37334.8,41.19,100.84,47.05,49.06,103.3,54.54,55.79
0,1010,2020.133708,476471,345036.31,47.61,98.02,46.94,54.95,100.66,54.43,55.95
0,1011,2020.1608,478893,345278.31,46.98,97.86,46.89,54.5,100.46,54.38,56.1
